"lat_bin","lon_bin","fire_count","avg_frp","year"
-44,144,259,17.02,2020
-44,146,1015,18.36,2020
-44,148,9,2.6,2020
-42,142,3,20.26,2020
-42,144,1125,10.35,2020
-42,146,2837,13.93,2020
-42,148,876,17.32,2020
-40,140,999,9.23,2020
-40,142,655,12.21,2020
-40,144,247,5.44,2020
-40,146,318,8.05,2020
-40,148,150,25.27,2020
-38,136,267,89.7,2020
-38,138,255,14.68,2020
-38,140,2491,13.8,2020
-38,142,2767,14.68,2020
-38,144,1730,11.51,2020
-38,146,25828,19.44,2020
-38,148,72899,15.36,2020
-38,150,1474,7.76,2020
-36,114,1887,9.17,2020
-36,116,3498,10.89,2020
-36,118,624,14.24,2020
-36,120,36,20.34,2020
-36,122,4,9.56,2020
-36,134,284,11.06,2020
-36,136,2751,60.41,2020
-36,138,694,15.98,2020
-36,140,701,15.19,2020
-36,142,1285,6.76,2020
-36,144,1121,6.97,2020
-36,146,5762,18.57,2020
-36,148,32676,21.03,2020
-36,150,10060,11.23,2020
-34,114,2106,4.1,2020
-34,116,11826,8.26,2020
-34,118,3759,25.35,2020
-34,120,5698,21,2020
-34,122,16470,27.58,2020
-34,124,3750,50.68,2020
-34,132,4,7.11,2020
-34,134,195,8.1,2020
-34,136,2447,3.4,2020
-34,138,204,6.68,2020
-34,140,114,14.67,2020
-34,142,319,10.81,2020
-34,144,309,4.52,2020
-34,146,1517,4.61,2020
-34,148,1894,10.26,2020
-34,150,7013,11.57,2020
-34,152,259,6.43,2020
-32,114,1654,20.04,2020
-32,116,2285,7.22,2020
-32,118,636,8.97,2020
-32,120,4852,16.18,2020
-32,122,2815,24.33,2020
-32,124,11,12.15,2020
-32,126,1,0.54,2020
-32,132,668,19.65,2020
-32,134,1,5.64,2020
-32,136,362,2.18,2020
-32,138,1,1.15,2020
-32,140,7,124.87,2020
-32,142,5,2.85,2020
-32,144,530,4.16,2020
-32,146,1376,4.51,2020
-32,148,2032,7.78,2020
-32,150,5637,7.4,2020
-32,152,2477,6.68,2020
-30,114,2185,25.29,2020
-30,116,139,8.77,2020
-30,120,19,7.21,2020
-30,122,304,15.14,2020
-30,124,1270,12.27,2020
-30,126,673,13.18,2020
-30,128,2732,16.8,2020
-30,130,358,19.5,2020
-30,134,4,5.17,2020
-30,138,1,1.05,2020
-30,140,89,3.87,2020
-30,142,17,6.32,2020
-30,144,46,3.84,2020
-30,146,639,5,2020
-30,148,2261,6.1,2020
-30,150,5187,7.1,2020
-30,152,3919,5.75,2020
-28,114,234,39.17,2020
-28,116,11,7.57,2020
-28,118,13,36.87,2020
-28,120,392,20.39,2020
-28,122,723,21.15,2020
-28,124,161,17.85,2020
-28,126,129,9.61,2020
-28,128,520,13.3,2020
-28,130,199,11.59,2020
-28,132,3,1.37,2020
-28,136,160,4.08,2020
-28,138,9,12.11,2020
-28,140,353,12.91,2020
-28,142,275,20.86,2020
-28,144,136,6.31,2020
-28,146,2506,8.21,2020
-28,148,6368,7.28,2020
-28,150,13849,7.15,2020
-28,152,4356,5.2,2020
-26,112,2,5.48,2020
-26,114,11,5.35,2020
-26,116,10,7.73,2020
-26,118,52,12.06,2020
-26,120,96,27.53,2020
-26,122,40,11.9,2020
-26,124,96,19.56,2020
-26,126,200,12.17,2020
-26,128,252,16.63,2020
-26,130,520,7.93,2020
-26,132,63,3.82,2020
-26,134,20,2.64,2020
-26,136,23,2.41,2020
-26,138,27,1.75,2020
-26,140,8,2.72,2020
-26,142,238,5.39,2020
-26,144,560,4.49,2020
-26,146,9888,8.43,2020
-26,148,15060,7.63,2020
-26,150,22007,7.04,2020
-26,152,10630,12.19,2020
-24,112,9,3.64,2020
-24,114,410,16.32,2020
-24,116,215,20.57,2020
-24,118,914,14.23,2020
-24,120,231,11.1,2020
-24,122,321,12.22,2020
-24,124,116,5.96,2020
-24,126,100,9.22,2020
-24,128,155,10.53,2020
-24,130,101,3.63,2020
-24,132,43,7.53,2020
-24,134,3,6.86,2020
-24,136,39,5.3,2020
-24,138,10,4.17,2020
-24,140,281,8.76,2020
-24,142,168,7.39,2020
-24,144,829,8.84,2020
-24,146,5814,8.43,2020
-24,148,8467,6.67,2020
-24,150,5793,5.52,2020
-22,114,1537,2.67,2020
-22,116,1682,7.77,2020
-22,118,4371,14.06,2020
-22,120,1136,13.29,2020
-22,122,301,5.21,2020
-22,124,193,10.54,2020
-22,126,173,11.9,2020
-22,128,81,7.73,2020
-22,130,106,20.99,2020
-22,132,12,7.48,2020
-22,134,316,15.57,2020
-22,136,198,53.14,2020
-22,138,2528,8.24,2020
-22,140,1710,13.19,2020
-22,142,681,8.01,2020
-22,144,5976,9.24,2020
-22,146,3049,10.46,2020
-22,148,3957,6.89,2020
-20,118,5,12.12,2020
-20,120,668,15.05,2020
-20,122,1310,11.48,2020
-20,124,2131,12.23,2020
-20,126,702,9.29,2020
-20,128,91,6.24,2020
-20,130,102,15.09,2020
-20,132,62,5.96,2020
-20,134,8,13.97,2020
-20,136,49,5.5,2020
-20,138,1020,7.19,2020
-20,140,914,9.25,2020
-20,142,10232,7.68,2020
-20,144,11485,7.56,2020
-20,146,3304,7.07,2020
-20,148,9,4.17,2020
-18,122,9362,12.49,2020
-18,124,12546,7.61,2020
-18,126,9515,6.84,2020
-18,128,4215,7.32,2020
-18,130,856,7.73,2020
-18,132,376,12.63,2020
-18,134,1550,13.7,2020
-18,136,12219,12.67,2020
-18,138,4771,10.32,2020
-18,140,3459,10.19,2020
-18,142,17246,9.82,2020
-18,144,16253,7.45,2020
-18,146,10,5.87,2020
-16,124,11494,8.23,2020
-16,126,20778,7.36,2020
-16,128,13788,7.69,2020
-16,130,20411,7.88,2020
-16,132,9128,7.43,2020
-16,134,8407,9.37,2020
-16,136,2761,9.5,2020
-16,140,5372,8.14,2020
-16,142,21358,7.78,2020
-16,144,20849,8.87,2020
-14,126,892,5.84,2020
-14,128,1509,12.18,2020
-14,130,31823,9.17,2020
-14,132,38930,7.36,2020
-14,134,32605,8.47,2020
-14,136,8399,8.6,2020
-14,140,7469,8.37,2020
-14,142,19965,7,2020
-12,118,8,10.42,2020
-12,120,948,6.38,2020
-12,122,1255,7.29,2020
-12,124,485,6.85,2020
-12,130,10570,9.89,2020
-12,132,8702,9.07,2020
-12,134,1137,6.89,2020
-12,136,1009,10.07,2020
-12,140,73,8.8,2020
-12,142,2901,7.78,2020
-10,112,1446,5.55,2020
-10,114,352,6.46,2020
-10,116,2941,8.39,2020
-10,118,5514,7.2,2020
-10,120,2776,6.65,2020
-10,122,2750,7.94,2020
-10,124,4873,6.28,2020
-10,126,141,6.77,2020
-10,128,104,7.64,2020
-10,130,439,6.72,2020
-10,136,556,5.88,2020
-10,138,1129,7.08,2020
-10,140,2185,6.64,2020
-10,142,1,5.02,2020
-44,144,30,12.12,2021
-44,146,1006,23.71,2021
-44,148,10,5.17,2021
-42,144,989,14.99,2021
-42,146,1462,9,2021
-42,148,176,14.29,2021
-40,140,175,4.74,2021
-40,142,1024,16.51,2021
-40,144,445,8.16,2021
-40,146,508,9.2,2021
-40,148,9,50.32,2021
-38,138,69,16.55,2021
-38,140,3455,16.49,2021
-38,142,4737,18.35,2021
-38,144,2900,12.08,2021
-38,146,3218,7.61,2021
-38,148,904,9.9,2021
-38,150,18,2.71,2021
-36,114,1661,10.24,2021
-36,116,2388,8.95,2021
-36,118,186,6.37,2021
-36,134,362,18.8,2021
-36,136,375,12.35,2021
-36,138,716,10.25,2021
-36,140,642,13.87,2021
-36,142,1059,8.91,2021
-36,144,2370,19.28,2021
-36,146,8152,17.68,2021
-36,148,2574,14.7,2021
-36,150,3132,3.27,2021
-34,114,1046,6.37,2021
-34,116,7957,7.97,2021
-34,118,518,9.48,2021
-34,120,573,15.34,2021
-34,122,1060,18.38,2021
-34,124,70,51.47,2021
-34,132,47,18.65,2021
-34,134,174,16.23,2021
-34,136,2354,3.63,2021
-34,138,252,11.11,2021
-34,140,147,8.17,2021
-34,142,1606,15.97,2021
-34,144,1002,7.32,2021
-34,146,7655,16.75,2021
-34,148,3470,13.13,2021
-34,150,1655,4.86,2021
-34,152,184,15.94,2021
-32,114,1511,22.87,2021
-32,116,4938,9.98,2021
-32,118,482,7.66,2021
-32,120,1772,10.14,2021
-32,122,2839,24.09,2021
-32,124,230,13.44,2021
-32,132,10,21,2021
-32,136,245,2.01,2021
-32,138,20,14.73,2021
-32,140,31,5.14,2021
-32,142,8,1.24,2021
-32,144,507,5.33,2021
-32,146,2636,6.81,2021
-32,148,2273,8.31,2021
-32,150,1775,5.22,2021
-32,152,1162,6.23,2021
-30,114,1160,12.28,2021
-30,116,154,5.04,2021
-30,118,3,1.82,2021
-30,120,124,6.07,2021
-30,122,186,19.21,2021
-30,124,401,18.95,2021
-30,126,95,17.35,2021
-30,128,2104,18.61,2021
-30,130,124,11.61,2021
-30,134,4,7.84,2021
-30,140,65,1.92,2021
-30,142,19,14.7,2021
-30,144,19,4.94,2021
-30,146,669,4.72,2021
-30,148,2459,5.66,2021
-30,150,2174,5.15,2021
-30,152,2253,5.16,2021
-28,112,8,8.07,2021
-28,114,28,7.7,2021
-28,116,1,5.2,2021
-28,118,9,7.91,2021
-28,120,122,8.15,2021
-28,122,263,14.82,2021
-28,124,524,13.12,2021
-28,126,166,12.1,2021
-28,128,66,5.36,2021
-28,130,2,13.15,2021
-28,132,17,20.69,2021
-28,136,1,0.46,2021
-28,138,1,0.09,2021
-28,140,204,15.01,2021
-28,142,3,2.83,2021
-28,144,227,9.04,2021
-28,146,2369,7.29,2021
-28,148,5784,7.53,2021
-28,150,8095,6.28,2021
-28,152,3703,5.91,2021
-26,112,7,2.74,2021
-26,114,13,7.17,2021
-26,116,22,22.87,2021
-26,118,5,12.18,2021
-26,120,5,4.95,2021
-26,122,652,13.04,2021
-26,124,103,6.79,2021
-26,126,771,8.2,2021
-26,128,865,17.27,2021
-26,130,840,8.33,2021
-26,132,15,5.65,2021
-26,134,503,9.61,2021
-26,136,13,4.85,2021
-26,138,4,4.13,2021
-26,140,7,3.74,2021
-26,142,65,4.27,2021
-26,144,780,8.12,2021
-26,146,2949,9.2,2021
-26,148,14057,7.65,2021
-26,150,8637,6.98,2021
-26,152,2993,6.53,2021
-24,114,802,16.81,2021
-24,116,1075,10.13,2021
-24,118,1662,9.99,2021
-24,120,844,13.47,2021
-24,122,380,18.77,2021
-24,124,88,10.8,2021
-24,126,9,5.05,2021
-24,128,418,11.52,2021
-24,130,2921,12.29,2021
-24,132,3035,12.3,2021
-24,134,1501,15.22,2021
-24,136,214,24.15,2021
-24,138,24,4.28,2021
-24,140,202,15.79,2021
-24,142,105,10.44,2021
-24,144,1345,9.38,2021
-24,146,4751,7.41,2021
-24,148,4312,6.82,2021
-24,150,6410,5.91,2021
-22,114,1571,3.13,2021
-22,116,3936,13.28,2021
-22,118,6203,16.35,2021
-22,120,2212,18.14,2021
-22,122,1744,11.67,2021
-22,124,1581,16.88,2021
-22,126,579,10.03,2021
-22,128,506,16.38,2021
-22,130,53,10.29,2021
-22,132,122,13.34,2021
-22,134,91,7.97,2021
-22,136,900,24.41,2021
-22,138,2647,7.79,2021
-22,140,1798,11.69,2021
-22,142,666,11.54,2021
-22,144,5196,8.93,2021
-22,146,2652,5.78,2021
-22,148,3787,6.17,2021
-22,150,23,4,2021
-20,120,2257,14.37,2021
-20,122,8232,16.43,2021
-20,124,9715,12.22,2021
-20,126,14410,16.82,2021
-20,128,10828,16.9,2021
-20,130,4598,11.34,2021
-20,132,359,9.84,2021
-20,134,203,7.07,2021
-20,136,209,10.22,2021
-20,138,2078,9.9,2021
-20,140,1915,10.77,2021
-20,142,13786,9.88,2021
-20,144,7256,8.77,2021
-20,146,2883,8.87,2021
-20,148,22,6.17,2021
-18,122,26973,14.53,2021
-18,124,18937,8.54,2021
-18,126,16151,8.07,2021
-18,128,7173,8.05,2021
-18,130,6529,10,2021
-18,132,7466,10.72,2021
-18,134,8422,12.41,2021
-18,136,25427,10.61,2021
-18,138,6401,9.1,2021
-18,140,3287,9.2,2021
-18,142,18415,10.15,2021
-18,144,9166,7.15,2021
-18,146,5,4.84,2021
-16,124,15473,8.19,2021
-16,126,28070,8.97,2021
-16,128,21599,8.6,2021
-16,130,39892,8.82,2021
-16,132,26386,8.52,2021
-16,134,23898,10.37,2021
-16,136,3549,8.79,2021
-16,140,5742,8.44,2021
-16,142,21176,7.26,2021
-16,144,9670,7.5,2021
-14,126,116,9.7,2021
-14,128,1697,12.85,2021
-14,130,31451,9.37,2021
-14,132,38623,7.79,2021
-14,134,30149,8.64,2021
-14,136,9426,8.65,2021
-14,140,6234,8.76,2021
-14,142,17231,7.71,2021
-12,118,4,4.66,2021
-12,120,703,5.5,2021
-12,122,730,5.58,2021
-12,124,300,6.2,2021
-12,130,13320,9.18,2021
-12,132,9968,9.12,2021
-12,134,628,5.92,2021
-12,136,38,19,2021
-12,140,22,6.17,2021
-12,142,3759,11.14,2021
-10,112,922,4.22,2021
-10,114,288,4.81,2021
-10,116,2146,8.28,2021
-10,118,4815,7.67,2021
-10,120,2456,5.85,2021
-10,122,2287,6.39,2021
-10,124,3309,6.88,2021
-10,126,99,5.61,2021
-10,128,66,5.4,2021
-10,130,266,6.31,2021
-10,136,27,6.17,2021
-10,138,209,5.61,2021
-10,140,517,6.03,2021
-10,142,3,4.02,2021
-44,144,121,18.81,2022
-44,146,1027,12.44,2022
-44,148,13,5.47,2022
-42,142,1,1.45,2022
-42,144,774,7.18,2022
-42,146,1620,7.36,2022
-42,148,218,7.54,2022
-40,140,206,6.86,2022
-40,142,844,10.26,2022
-40,144,338,7.69,2022
-40,146,458,6.25,2022
-40,148,1,0.78,2022
-38,138,27,5.99,2022
-38,140,2455,14.88,2022
-38,142,4430,18.92,2022
-38,144,3039,12.16,2022
-38,146,1890,10.25,2022
-38,148,478,8.35,2022
-38,150,4,3,2022
-36,114,1497,19.5,2022
-36,116,3601,12.82,2022
-36,118,811,19.27,2022
-36,134,208,10.79,2022
-36,136,418,13.62,2022
-36,138,531,9.45,2022
-36,140,235,8.87,2022
-36,142,729,7.19,2022
-36,144,2309,17.27,2022
-36,146,6703,18.76,2022
-36,148,1379,14.03,2022
-36,150,2087,2.79,2022
-34,114,3228,6.82,2022
-34,116,12207,9.84,2022
-34,118,1545,9.35,2022
-34,120,688,10.75,2022
-34,122,439,11.85,2022
-34,132,13,8.81,2022
-34,134,345,55.57,2022
-34,136,2048,3,2022
-34,138,193,10.56,2022
-34,140,107,11.4,2022
-34,142,83,6.15,2022
-34,144,568,12.11,2022
-34,146,4070,16.33,2022
-34,148,1679,14.17,2022
-34,150,680,3,2022
-34,152,66,5.25,2022
-32,114,2121,20.96,2022
-32,116,6472,9.98,2022
-32,118,1209,17.37,2022
-32,120,2581,11.44,2022
-32,122,116,15.39,2022
-32,124,352,35.99,2022
-32,130,138,13.2,2022
-32,132,3,2.6,2022
-32,134,133,35.52,2022
-32,136,788,3.9,2022
-32,138,34,71.38,2022
-32,140,3,3.19,2022
-32,144,171,5.38,2022
-32,146,1674,16.43,2022
-32,148,1522,14.13,2022
-32,150,1533,6.31,2022
-32,152,730,9.49,2022
-30,114,1606,10.39,2022
-30,116,521,9.12,2022
-30,118,221,20.97,2022
-30,120,394,21.14,2022
-30,122,11,18.75,2022
-30,124,15,7.12,2022
-30,126,46,8.81,2022
-30,128,759,10.21,2022
-30,130,39,39.97,2022
-30,132,41,3.2,2022
-30,134,20,3.88,2022
-30,136,1,9.93,2022
-30,140,125,2.94,2022
-30,144,12,2.32,2022
-30,146,135,4.88,2022
-30,148,1643,7.58,2022
-30,150,2501,8.85,2022
-30,152,1325,5.78,2022
-28,112,4,0.91,2022
-28,114,1108,24.62,2022
-28,116,3,1.64,2022
-28,118,18,10.71,2022
-28,120,90,31.23,2022
-28,122,58,17,2022
-28,124,51,8.86,2022
-28,126,6,6.94,2022
-28,128,309,13.54,2022
-28,130,391,9.29,2022
-28,132,248,12.49,2022
-28,134,13,19.83,2022
-28,136,8,5.47,2022
-28,140,22,1.02,2022
-28,142,6,2.36,2022
-28,144,62,6.43,2022
-28,146,1405,7.96,2022
-28,148,2311,6.9,2022
-28,150,4066,7.94,2022
-28,152,2476,6.3,2022
-26,112,5,5.02,2022
-26,114,9065,18.81,2022
-26,116,4,11.46,2022
-26,118,26,3.79,2022
-26,120,1,1.53,2022
-26,122,277,14.04,2022
-26,124,45,5.68,2022
-26,126,133,13.71,2022
-26,128,3949,15.32,2022
-26,130,6949,11.35,2022
-26,132,3320,11.1,2022
-26,134,19,16.31,2022
-26,136,15,5.13,2022
-26,142,76,1.84,2022
-26,144,1049,9.86,2022
-26,146,1903,8.56,2022
-26,148,2629,6.98,2022
-26,150,7518,6.43,2022
-26,152,1887,6.23,2022
-24,112,333,9.48,2022
-24,114,1931,15.37,2022
-24,116,863,11.16,2022
-24,118,1016,18.06,2022
-24,120,559,20.19,2022
-24,122,272,13.42,2022
-24,124,530,20.38,2022
-24,126,131,7.8,2022
-24,128,2169,14.98,2022
-24,130,11822,16.2,2022
-24,132,10493,12.84,2022
-24,134,3298,9.79,2022
-24,136,21,29.43,2022
-24,138,18,27,2022
-24,140,199,4.07,2022
-24,142,16,4.21,2022
-24,144,1296,9.57,2022
-24,146,3881,8.36,2022
-24,148,2778,5.32,2022
-24,150,4674,5.71,2022
-22,114,1423,2.98,2022
-22,116,4492,14.48,2022
-22,118,3563,15.89,2022
-22,120,2197,16.19,2022
-22,122,1966,16.68,2022
-22,124,2943,16.23,2022
-22,126,832,10.94,2022
-22,128,1768,21.75,2022
-22,130,1254,21.51,2022
-22,132,968,10.26,2022
-22,134,172,12.92,2022
-22,136,3,3.15,2022
-22,138,2737,10.34,2022
-22,140,1147,7.81,2022
-22,142,995,11.04,2022
-22,144,2295,7.91,2022
-22,146,3418,6.37,2022
-22,148,3220,5.22,2022
-20,118,1,4.31,2022
-20,120,1018,7.74,2022
-20,122,12395,13.8,2022
-20,124,14175,17.48,2022
-20,126,8784,17.05,2022
-20,128,8294,15.04,2022
-20,130,4245,16.1,2022
-20,132,1372,11.72,2022
-20,134,119,10.05,2022
-20,136,2311,10.15,2022
-20,138,2889,8.9,2022
-20,140,1473,10.07,2022
-20,142,4922,7.4,2022
-20,144,5572,7.35,2022
-20,146,2743,7.64,2022
-20,148,9,2.88,2022
-18,122,11522,12.9,2022
-18,124,20077,8.12,2022
-18,126,27193,8.43,2022
-18,128,15517,8.22,2022
-18,130,6900,8.49,2022
-18,132,2789,12.55,2022
-18,134,3291,10.79,2022
-18,136,27142,11.05,2022
-18,138,5950,9.15,2022
-18,140,4077,9.59,2022
-18,142,17025,8.7,2022
-18,144,6515,6.8,2022
-18,146,19,12.52,2022
-16,124,11130,7.61,2022
-16,126,38486,8.29,2022
-16,128,23886,8.55,2022
-16,130,50010,9.05,2022
-16,132,19204,9.8,2022
-16,134,17345,10.06,2022
-16,136,3895,8.41,2022
-16,140,4263,8.5,2022
-16,142,21091,8.35,2022
-16,144,7650,7.68,2022
-14,126,2623,8.33,2022
-14,128,1756,14.35,2022
-14,130,30784,9.27,2022
-14,132,46840,7.82,2022
-14,134,32845,8.09,2022
-14,136,7250,8.3,2022
-14,140,7560,8.13,2022
-14,142,10783,7.4,2022
-12,118,2,6.86,2022
-12,120,262,5.19,2022
-12,122,427,5.2,2022
-12,124,137,5.09,2022
-12,130,7764,7.34,2022
-12,132,6912,8,2022
-12,134,639,6.1,2022
-12,136,129,7.33,2022
-12,140,17,4.23,2022
-12,142,4886,9.82,2022
-10,112,1106,6.32,2022
-10,114,238,5.32,2022
-10,116,1484,7.29,2022
-10,118,2636,6.84,2022
-10,120,1672,5.84,2022
-10,122,1528,6.39,2022
-10,124,2343,6.86,2022
-10,126,56,6.54,2022
-10,128,28,6.99,2022
-10,130,191,6.84,2022
-10,136,14,3.7,2022
-10,138,166,5.19,2022
-10,140,430,5.25,2022
-10,142,9,3.95,2022
-44,144,171,16.96,2023
-44,146,1465,22.04,2023
-44,148,85,21.9,2023
-42,142,3,2.24,2023
-42,144,993,13.49,2023
-42,146,1363,10.65,2023
-42,148,300,12.4,2023
-40,140,40,5.84,2023
-40,142,657,11.52,2023
-40,144,311,6.75,2023
-40,146,594,21.04,2023
-40,148,9,6.41,2023
-38,136,2,19.5,2023
-38,138,33,6.99,2023
-38,140,3388,12.85,2023
-38,142,5828,16.33,2023
-38,144,3399,13.13,2023
-38,146,2353,17.85,2023
-38,148,1135,12.62,2023
-38,150,44,3.4,2023
-36,114,700,9.76,2023
-36,116,3343,13.39,2023
-36,118,449,11.74,2023
-36,134,256,19.75,2023
-36,136,605,16.22,2023
-36,138,924,8.83,2023
-36,140,483,9.41,2023
-36,142,2050,8.61,2023
-36,144,2629,17.72,2023
-36,146,7369,13.69,2023
-36,148,2444,10.75,2023
-36,150,3179,3.73,2023
-34,114,1422,9.54,2023
-34,116,10947,10.48,2023
-34,118,2403,15.72,2023
-34,120,2303,22.62,2023
-34,122,2667,21.98,2023
-34,124,39,33.62,2023
-34,126,1,0.82,2023
-34,132,59,19.11,2023
-34,134,604,11.92,2023
-34,136,1982,3.55,2023
-34,138,615,14.74,2023
-34,140,241,19.86,2023
-34,142,371,9.36,2023
-34,144,3255,10.94,2023
-34,146,6723,13.39,2023
-34,148,4647,13.63,2023
-34,150,2497,6.22,2023
-34,152,422,5.8,2023
-32,114,1573,23.21,2023
-32,116,6998,10.59,2023
-32,118,1329,14.62,2023
-32,120,1675,20.99,2023
-32,122,661,27.38,2023
-32,124,220,24.29,2023
-32,128,1,0.05,2023
-32,130,451,16.81,2023
-32,132,92,45.02,2023
-32,134,26,29.19,2023
-32,136,950,12.61,2023
-32,138,631,19.27,2023
-32,140,18,87.33,2023
-32,142,272,18.62,2023
-32,144,833,9.29,2023
-32,146,5647,11.74,2023
-32,148,8428,16.61,2023
-32,150,4439,6.41,2023
-32,152,5327,7.66,2023
-30,114,1791,12.47,2023
-30,116,593,8.96,2023
-30,118,695,32.34,2023
-30,120,305,11.27,2023
-30,122,743,14,2023
-30,124,795,11.41,2023
-30,126,1608,25.81,2023
-30,128,1891,14.48,2023
-30,130,1278,13.03,2023
-30,132,130,15.82,2023
-30,134,1,1.68,2023
-30,136,3,3,2023
-30,138,2,0.7,2023
-30,140,124,4.88,2023
-30,142,314,34.11,2023
-30,144,92,15.95,2023
-30,146,5025,8.81,2023
-30,148,6118,7.79,2023
-30,150,13259,12.79,2023
-30,152,7914,6.37,2023
-28,114,1178,24.6,2023
-28,116,3,1.52,2023
-28,118,48,9.76,2023
-28,120,42,6.83,2023
-28,122,69,8.29,2023
-28,124,1316,18.51,2023
-28,126,401,21.12,2023
-28,128,3204,13.48,2023
-28,130,7431,15.8,2023
-28,132,951,21.6,2023
-28,134,22,1.57,2023
-28,140,101,17.88,2023
-28,142,4,4.05,2023
-28,144,353,5.7,2023
-28,146,3326,17.01,2023
-28,148,5407,7.78,2023
-28,150,19517,11.61,2023
-28,152,4391,6.07,2023
-26,112,12,3.95,2023
-26,114,1374,13.15,2023
-26,116,5,8.23,2023
-26,118,25,13.21,2023
-26,120,96,17.3,2023
-26,122,523,19.19,2023
-26,124,1509,16.71,2023
-26,126,1776,21.35,2023
-26,128,4026,14.34,2023
-26,130,4548,13.92,2023
-26,132,10660,13.4,2023
-26,134,2523,9.14,2023
-26,136,9,1.18,2023
-26,138,506,17.04,2023
-26,140,6,8.64,2023
-26,142,79,6.5,2023
-26,144,530,7.28,2023
-26,146,23594,8.31,2023
-26,148,34558,6.45,2023
-26,150,31453,7.58,2023
-26,152,3937,8.37,2023
-24,112,543,9.36,2023
-24,114,1658,15.56,2023
-24,116,7536,15.41,2023
-24,118,1604,10.54,2023
-24,120,3308,18.98,2023
-24,122,3368,19.11,2023
-24,124,2486,23.6,2023
-24,126,10618,21.71,2023
-24,128,3916,17.1,2023
-24,130,22174,14.91,2023
-24,132,31153,15.16,2023
-24,134,19066,10.7,2023
-24,136,901,13.18,2023
-24,138,420,13.89,2023
-24,140,65,8.92,2023
-24,142,161,5.8,2023
-24,144,4923,14.69,2023
-24,146,9214,7.65,2023
-24,148,12113,7.64,2023
-24,150,8334,7.3,2023
-22,114,2293,9.64,2023
-22,116,9873,14.83,2023
-22,118,6380,16.35,2023
-22,120,9349,17.82,2023
-22,122,18531,21.35,2023
-22,124,23078,17.52,2023
-22,126,18110,19.9,2023
-22,128,19228,19.07,2023
-22,130,27403,19.46,2023
-22,132,58309,15.94,2023
-22,134,26926,14.05,2023
-22,136,27011,17.57,2023
-22,138,12177,11.99,2023
-22,140,4393,12.78,2023
-22,142,853,11.66,2023
-22,144,8642,8.65,2023
-22,146,4036,7.25,2023
-22,148,3138,6.84,2023
-20,120,6156,19.44,2023
-20,122,39564,16.3,2023
-20,124,37719,13.64,2023
-20,126,26454,13.64,2023
-20,128,37936,14.44,2023
-20,130,64181,13.51,2023
-20,132,50183,15.58,2023
-20,134,24960,13.58,2023
-20,136,24748,14.14,2023
-20,138,24783,10.16,2023
-20,140,9262,11.67,2023
-20,142,18677,8.56,2023
-20,144,13928,8.57,2023
-20,146,5443,8.11,2023
-20,148,21,5.49,2023
-18,122,22451,13.09,2023
-18,124,51001,9.29,2023
-18,126,51811,9.01,2023
-18,128,26343,9.54,2023
-18,130,39398,10.72,2023
-18,132,17812,12.07,2023
-18,134,15482,11.46,2023
-18,136,35374,9.89,2023
-18,138,11140,9.58,2023
-18,140,1721,7.3,2023
-18,142,9248,10.31,2023
-18,144,22033,7.72,2023
-18,146,2,2.74,2023
-16,124,19505,7.59,2023
-16,126,27599,7.56,2023
-16,128,16991,8.02,2023
-16,130,32968,7.92,2023
-16,132,24242,8.53,2023
-16,134,17660,12.08,2023
-16,136,3238,10.55,2023
-16,140,4348,7.99,2023
-16,142,19175,7.85,2023
-16,144,21579,8.27,2023
-14,126,135,10.12,2023
-14,128,1685,12.35,2023
-14,130,33128,9.09,2023
-14,132,40838,7.67,2023
-14,134,45573,9.28,2023
-14,136,12703,8.2,2023
-14,140,9927,9.57,2023
-14,142,34538,7.16,2023
-12,118,9,4.77,2023
-12,120,1224,6.85,2023
-12,122,1252,6.05,2023
-12,124,729,6.21,2023
-12,130,18512,9.6,2023
-12,132,9560,9.86,2023
-12,134,1129,6.63,2023
-12,136,227,5.13,2023
-12,140,38,6.67,2023
-12,142,9261,8.09,2023
-10,112,2056,6.78,2023
-10,114,1100,9.75,2023
-10,116,4447,7.83,2023
-10,118,7462,7.54,2023
-10,120,4298,6.47,2023
-10,122,6098,7.69,2023
-10,124,8803,6.85,2023
-10,126,155,5.23,2023
-10,128,128,6.11,2023
-10,130,446,7.64,2023
-10,136,1753,6.85,2023
-10,138,3544,6.98,2023
-10,140,6487,6.56,2023
-10,142,24,6.92,2023
-44,144,80,19.29,2024
-44,146,1868,19.72,2024
-44,148,13,3.27,2024
-42,142,3,4.28,2024
-42,144,1367,13.16,2024
-42,146,2176,11.03,2024
-42,148,300,12.82,2024
-40,140,116,19.84,2024
-40,142,723,12.7,2024
-40,144,311,6.94,2024
-40,146,792,5.88,2024
-40,148,2,2.55,2024
-38,138,30,5.87,2024
-38,140,3679,16.82,2024
-38,142,11315,22.39,2024
-38,144,3312,12.99,2024
-38,146,4899,6.2,2024
-38,148,1138,7.8,2024
-38,150,53,6.38,2024
-36,114,880,18.25,2024
-36,116,4451,20.14,2024
-36,118,1109,23.23,2024
-36,134,324,27.77,2024
-36,136,500,16.03,2024
-36,138,825,10.28,2024
-36,140,637,12.47,2024
-36,142,1811,11.61,2024
-36,144,3235,21.44,2024
-36,146,7692,17.78,2024
-36,148,2307,12.21,2024
-36,150,2330,2.95,2024
-34,114,1934,8.16,2024
-34,116,8450,10.09,2024
-34,118,1042,13.02,2024
-34,120,861,10.6,2024
-34,122,1436,30.94,2024
-34,124,4,6.14,2024
-34,132,3,5.28,2024
-34,134,276,8.36,2024
-34,136,749,4.63,2024
-34,138,337,10.37,2024
-34,140,194,16.92,2024
-34,142,459,12.53,2024
-34,144,689,6.33,2024
-34,146,2604,8.99,2024
-34,148,2781,12.83,2024
-34,150,1278,6.51,2024
-34,152,116,5.85,2024
-32,114,3777,44.42,2024
-32,116,3114,10.45,2024
-32,118,530,8.82,2024
-32,120,1920,14.74,2024
-32,122,16,3.4,2024
-32,124,13,10.17,2024
-32,126,7,2.05,2024
-32,130,26,14.12,2024
-32,132,201,12.07,2024
-32,134,3,3.57,2024
-32,136,489,3.58,2024
-32,138,4,6.01,2024
-32,140,7,63.99,2024
-32,144,400,5.29,2024
-32,146,2304,7.36,2024
-32,148,2427,8.21,2024
-32,150,2823,5.5,2024
-32,152,1873,4.74,2024
-30,114,1054,16.24,2024
-30,116,103,5.08,2024
-30,118,116,32.84,2024
-30,120,45,8.78,2024
-30,122,246,10.27,2024
-30,124,13,4.36,2024
-30,126,104,9.79,2024
-30,128,182,18.08,2024
-30,130,225,22.57,2024
-30,134,5,5.37,2024
-30,136,9,3.04,2024
-30,138,2,5.18,2024
-30,140,52,6.33,2024
-30,142,1,2.54,2024
-30,144,16,4.14,2024
-30,146,1128,8.69,2024
-30,148,3426,5.85,2024
-30,150,4369,8.17,2024
-30,152,4432,5.12,2024
-28,114,17,4.35,2024
-28,118,75,13.97,2024
-28,120,311,8.18,2024
-28,122,13,11.24,2024
-28,124,244,16.57,2024
-28,126,15,9.57,2024
-28,128,155,10.76,2024
-28,130,892,26.33,2024
-28,132,50,10.69,2024
-28,134,25,4.88,2024
-28,136,102,4.58,2024
-28,138,288,23.94,2024
-28,140,741,15.81,2024
-28,142,46,5.02,2024
-28,144,515,5.98,2024
-28,146,3079,9.69,2024
-28,148,6510,8.48,2024
-28,150,9118,6.82,2024
-28,152,4375,5.27,2024
-26,112,13,3.9,2024
-26,114,35,6.02,2024
-26,116,48,4.55,2024
-26,118,64,13.07,2024
-26,120,72,25.58,2024
-26,122,258,18.11,2024
-26,124,143,10.09,2024
-26,126,81,35.33,2024
-26,128,159,14.5,2024
-26,130,477,11.06,2024
-26,132,312,14.72,2024
-26,134,83,7.01,2024
-26,136,16,4.5,2024
-26,138,282,14.72,2024
-26,140,153,14.67,2024
-26,142,240,9.33,2024
-26,144,776,5.35,2024
-26,146,19579,8.45,2024
-26,148,11932,7.78,2024
-26,150,17119,7.14,2024
-26,152,2453,5.69,2024
-24,114,354,14.59,2024
-24,116,1393,15.33,2024
-24,118,1584,12.13,2024
-24,120,1895,17.18,2024
-24,122,2301,26.07,2024
-24,124,1244,18.86,2024
-24,126,1381,20.41,2024
-24,128,459,14.11,2024
-24,130,662,9.95,2024
-24,132,1138,9.31,2024
-24,134,855,11.33,2024
-24,136,30,6.59,2024
-24,138,26,5.98,2024
-24,140,309,13.12,2024
-24,142,178,9.82,2024
-24,144,2420,9.05,2024
-24,146,14333,8.38,2024
-24,148,7615,7.5,2024
-24,150,6182,5.87,2024
-22,114,1478,3.54,2024
-22,116,3054,10.81,2024
-22,118,3962,16.75,2024
-22,120,3286,13.98,2024
-22,122,954,16.39,2024
-22,124,1095,22.86,2024
-22,126,3894,16.56,2024
-22,128,2018,19.91,2024
-22,130,3253,16.39,2024
-22,132,5064,14.08,2024
-22,134,24214,16.67,2024
-22,136,6075,10.31,2024
-22,138,17179,13.97,2024
-22,140,12413,14.92,2024
-22,142,3305,12.15,2024
-22,144,18720,9.25,2024
-22,146,6030,8.88,2024
-22,148,6635,7.1,2024
-22,150,28,10.01,2024
-20,120,1037,16.54,2024
-20,122,3412,11.17,2024
-20,124,3769,11.14,2024
-20,126,9428,10.73,2024
-20,128,9450,12.08,2024
-20,130,7868,12.5,2024
-20,132,16546,13.8,2024
-20,134,12774,12.5,2024
-20,136,5242,13.19,2024
-20,138,24381,14.08,2024
-20,140,4537,11.72,2024
-20,142,24612,9.81,2024
-20,144,8433,8.63,2024
-20,146,2691,7.98,2024
-20,148,6,3.65,2024
-18,122,8639,12.26,2024
-18,124,17212,6.83,2024
-18,126,12528,8.12,2024
-18,128,20322,10.06,2024
-18,130,12662,11.5,2024
-18,132,18070,12.52,2024
-18,134,19312,14.74,2024
-18,136,22735,11.52,2024
-18,138,4010,11.21,2024
-18,140,2868,11.56,2024
-18,142,18249,8.77,2024
-18,144,15081,7.44,2024
-18,146,4,6.31,2024
-16,124,14832,7.72,2024
-16,126,25676,7.45,2024
-16,128,14567,7.98,2024
-16,130,26524,7.93,2024
-16,132,22362,9.61,2024
-16,134,22764,10.77,2024
-16,136,6110,11.87,2024
-16,140,3931,7.96,2024
-16,142,19304,7.48,2024
-16,144,7766,6.86,2024
-14,126,422,8.77,2024
-14,128,1324,10.64,2024
-14,130,25456,10.17,2024
-14,132,39891,8.46,2024
-14,134,32425,8.86,2024
-14,136,7206,8.73,2024
-14,140,6354,9.3,2024
-14,142,10531,7.52,2024
-12,118,1,5.65,2024
-12,120,1000,6.1,2024
-12,122,634,5.56,2024
-12,124,240,5.47,2024
-12,130,7466,7.77,2024
-12,132,6708,8.76,2024
-12,134,877,7.41,2024
-12,136,36,6.62,2024
-12,140,342,8.02,2024
-12,142,6249,11.18,2024
-10,112,1234,5.61,2024
-10,114,503,6.53,2024
-10,116,2350,6.92,2024
-10,118,4503,7.01,2024
-10,120,2641,6.48,2024
-10,122,3763,7.85,2024
-10,124,3955,6.4,2024
-10,126,90,5.18,2024
-10,128,56,7.4,2024
-10,130,324,6.59,2024
-10,136,730,6.9,2024
-10,138,412,5.81,2024
-10,140,1263,7.68,2024
-10,142,31,8.79,2024
-44,144,934,22.9699993133545,2019
-44,146,12266,17.6299991607666,2019
-44,148,131,12.789999961853,2019
-42,142,1,0.939999997615814,2019
-42,144,1694,16.1599998474121,2019
-42,146,4611,16.9899997711182,2019
-42,148,333,11.8199996948242,2019
-40,140,388,11.4099998474121,2019
-40,142,729,8.35000038146973,2019
-40,144,704,18.0200004577637,2019
-40,146,1100,13.3900003433228,2019
-40,148,88,17.2099990844727,2019
-38,138,376,22.0699996948242,2019
-38,140,3794,14.6800003051758,2019
-38,142,2651,13.7399997711182,2019
-38,144,2264,9.89000034332275,2019
-38,146,30819,12.1300001144409,2019
-38,148,34493,16.2099990844727,2019
-38,150,95,2.46000003814697,2019
-36,114,1095,11.0299997329712,2019
-36,116,5526,15.6300001144409,2019
-36,118,2143,28.1900005340576,2019
-36,122,8,17.5200004577637,2019
-36,134,424,13.1700000762939,2019
-36,136,2556,16.4500007629395,2019
-36,138,1382,8.64999961853027,2019
-36,140,666,14.5299997329712,2019
-36,142,1254,6.19999980926514,2019
-36,144,1196,9.85000038146973,2019
-36,146,4582,13.6400003433228,2019
-36,148,12696,14.8500003814697,2019
-36,150,41758,12.6599998474121,2019
-34,114,3196,7.69999980926514,2019
-34,116,11647,8.84000015258789,2019
-34,118,3819,20.6800003051758,2019
-34,120,20527,21.7299995422363,2019
-34,122,19517,32.189998626709,2019
-34,124,119,15.9099998474121,2019
-34,126,1,4.1399998664856,2019
-34,132,26,52.439998626709,2019
-34,134,814,20.9200000762939,2019
-34,136,3078,7.80999994277954,2019
-34,138,183,10.7600002288818,2019
-34,140,446,11.8800001144409,2019
-34,142,754,19.0499992370605,2019
-34,144,509,6.48000001907349,2019
-34,146,4990,6.65000009536743,2019
-34,148,5266,9.36999988555908,2019
-34,150,94326,10.2600002288818,2019
-34,152,2104,14.0500001907349,2019
-32,114,2108,17.4500007629395,2019
-32,116,11680,11.4099998474121,2019
-32,118,3386,18.9599990844727,2019
-32,120,8082,25.1000003814697,2019
-32,122,30158,22.2999992370605,2019
-32,124,9580,20.1800003051758,2019
-32,126,174,8.89000034332275,2019
-32,128,1,0.0700000002980232,2019
-32,130,1,3.69000005722046,2019
-32,132,567,17.2299995422363,2019
-32,134,284,21.9899997711182,2019
-32,136,399,2.33999991416931,2019
-32,138,5,3.78999996185303,2019
-32,140,30,32.1800003051758,2019
-32,142,14,9.27000045776367,2019
-32,144,750,6.40000009536743,2019
-32,146,5279,8.31999969482422,2019
-32,148,3451,4.94999980926514,2019
-32,150,47348,11.9099998474121,2019
-32,152,91286,9.8100004196167,2019
-30,114,3964,11.4700002670288,2019
-30,116,1153,7.98999977111816,2019
-30,118,1524,19.6700000762939,2019
-30,120,1443,28.5900001525879,2019
-30,122,15559,21.0599994659424,2019
-30,124,10055,20.2000007629395,2019
-30,126,6937,12.460000038147,2019
-30,128,17801,22.0300006866455,2019
-30,130,1149,11.2799997329712,2019
-30,132,1,0.0799999982118606,2019
-30,140,91,3.25,2019
-30,142,142,13.9899997711182,2019
-30,144,321,27.2600002288818,2019
-30,146,1226,7.51999998092651,2019
-30,148,6534,5.98000001907349,2019
-30,150,19331,16.1000003814697,2019
-30,152,87620,10.8199996948242,2019
-28,114,175,12.2700004577637,2019
-28,116,1,23.7099990844727,2019
-28,118,657,23.4099998474121,2019
-28,120,4433,18.2399997711182,2019
-28,122,12336,21.2199993133545,2019
-28,124,5641,24.2199993133545,2019
-28,126,3855,17.8700008392334,2019
-28,128,8262,20.9099998474121,2019
-28,130,4300,18.2099990844727,2019
-28,132,211,7.07999992370605,2019
-28,134,4,10.5600004196167,2019
-28,138,67,28.0200004577637,2019
-28,140,100,12.3000001907349,2019
-28,142,50,18.9500007629395,2019
-28,144,152,3.63000011444092,2019
-28,146,2842,10.0299997329712,2019
-28,148,6796,9.38000011444092,2019
-28,150,8316,8.48999977111816,2019
-28,152,11449,8.5600004196167,2019
-26,112,387,23.5599994659424,2019
-26,114,12,5.3600001335144,2019
-26,116,380,17.9599990844727,2019
-26,118,369,11.1499996185303,2019
-26,120,1515,14.4300003051758,2019
-26,122,847,13.6999998092651,2019
-26,124,943,16.6200008392334,2019
-26,126,1724,16.3500003814697,2019
-26,128,5926,15.1599998474121,2019
-26,130,4578,15.6899995803833,2019
-26,132,1095,7.84000015258789,2019
-26,134,15,6.82999992370605,2019
-26,136,61,4.98000001907349,2019
-26,138,1030,3.77999997138977,2019
-26,140,1,0.660000026226044,2019
-26,142,35,4.78999996185303,2019
-26,144,1064,7.88000011444092,2019
-26,146,6945,8.10999965667725,2019
-26,148,27049,8.26000022888184,2019
-26,150,9988,7.69999980926514,2019
-26,152,4710,13.8599996566772,2019
-24,112,38,27.5699996948242,2019
-24,114,1601,16.1499996185303,2019
-24,116,4567,17.2800006866455,2019
-24,118,3939,14.7200002670288,2019
-24,120,1627,13.789999961853,2019
-24,122,2880,16.5100002288818,2019
-24,124,2161,19.1700000762939,2019
-24,126,2972,16.3799991607666,2019
-24,128,3935,18.3799991607666,2019
-24,130,2997,14.1000003814697,2019
-24,132,3172,15.3199996948242,2019
-24,134,288,16.3299999237061,2019
-24,136,134,12.3000001907349,2019
-24,138,1234,4.6399998664856,2019
-24,140,102,9.14999961853027,2019
-24,142,156,15.9099998474121,2019
-24,144,1083,8.31999969482422,2019
-24,146,1782,6.53000020980835,2019
-24,148,4925,7.76000022888184,2019
-24,150,12430,8.09000015258789,2019
-22,114,1928,4.59000015258789,2019
-22,116,4993,13.2299995422363,2019
-22,118,4341,13.2799997329712,2019
-22,120,1937,16.5400009155273,2019
-22,122,1871,15.6899995803833,2019
-22,124,2788,17.4599990844727,2019
-22,126,2072,23.5200004577637,2019
-22,128,2165,18.6200008392334,2019
-22,130,1124,19.3700008392334,2019
-22,132,1045,9.61999988555908,2019
-22,134,4155,20.3400001525879,2019
-22,136,896,24.1399993896484,2019
-22,138,2443,9.81999969482422,2019
-22,140,1115,14.5600004196167,2019
-22,142,19,4.6399998664856,2019
-22,144,2646,11.1099996566772,2019
-22,146,911,6.53000020980835,2019
-22,148,2355,6.30999994277954,2019
-20,118,3,7.40000009536743,2019
-20,120,1999,16.25,2019
-20,122,2065,16.9699993133545,2019
-20,124,2820,11.5500001907349,2019
-20,126,1759,13.1599998474121,2019
-20,128,536,10.6800003051758,2019
-20,130,341,14.3999996185303,2019
-20,132,883,8.02000045776367,2019
-20,134,534,21.2700004577637,2019
-20,136,145,7.94000005722046,2019
-20,138,3626,7.3600001335144,2019
-20,140,805,12.3500003814697,2019
-20,142,11674,7.80999994277954,2019
-20,144,11148,8.52000045776367,2019
-20,146,3759,7.07999992370605,2019
-20,148,21,5.51999998092651,2019
-18,122,18158,12.6800003051758,2019
-18,124,19668,9.72999954223633,2019
-18,126,8313,8.82999992370605,2019
-18,128,3917,12.3000001907349,2019
-18,130,1450,11.2600002288818,2019
-18,132,1259,9.10999965667725,2019
-18,134,1447,13.8400001525879,2019
-18,136,23097,10.1199998855591,2019
-18,138,2439,8.05000019073486,2019
-18,140,2666,12.2600002288818,2019
-18,142,24550,10.7200002670288,2019
-18,144,13134,9.97999954223633,2019
-18,146,18,10.1300001144409,2019
-16,124,17118,9.44999980926514,2019
-16,126,37634,10.8500003814697,2019
-16,128,19659,9.52999973297119,2019
-16,130,63573,8.81999969482422,2019
-16,132,19439,9.85000038146973,2019
-16,134,13400,11.0200004577637,2019
-16,136,4376,9.55000019073486,2019
-16,140,6662,9.10000038146973,2019
-16,142,24645,8.4399995803833,2019
-16,144,17423,7.53999996185303,2019
-14,126,163,5.69000005722046,2019
-14,128,3208,12.0699996948242,2019
-14,130,41195,9.80000019073486,2019
-14,132,56714,8.84000015258789,2019
-14,134,47943,9.84000015258789,2019
-14,136,11306,9.69999980926514,2019
-14,140,8787,9.05000019073486,2019
-14,142,22114,8.86999988555908,2019
-12,118,8,4.23000001907349,2019
-12,120,1766,5.71999979019165,2019
-12,122,1365,7.09999990463257,2019
-12,124,798,6.34999990463257,2019
-12,130,16189,8.47000026702881,2019
-12,132,11993,9.93000030517578,2019
-12,134,643,5.73000001907349,2019
-12,136,69,12.4499998092651,2019
-12,140,21,6.44000005722046,2019
-12,142,11062,8.85000038146973,2019
-10,112,1888,5.80000019073486,2019
-10,114,2692,7.15999984741211,2019
-10,116,6876,10.5600004196167,2019
-10,118,11078,9.44999980926514,2019
-10,120,4614,6.5,2019
-10,122,3409,6.73999977111816,2019
-10,124,8405,6.40999984741211,2019
-10,126,188,5.71999979019165,2019
-10,128,128,6.19000005722046,2019
-10,130,439,6.28999996185303,2019
-10,136,1642,6.82000017166138,2019
-10,138,3670,7.92000007629395,2019
-10,140,4833,6.92000007629395,2019
-10,142,9,8.5,2019
-44,144,193,17.6000003814697,2018
-44,146,1153,16.8500003814697,2018
-44,148,35,4.90000009536743,2018
-42,142,7,6.01000022888184,2018
-42,144,1205,11.3100004196167,2018
-42,146,2384,13.0500001907349,2018
-42,148,609,10.6899995803833,2018
-40,140,56,7.46000003814697,2018
-40,142,981,12.5900001525879,2018
-40,144,440,7.59000015258789,2018
-40,146,667,8.25,2018
-40,148,5,1.01999998092651,2018
-38,138,88,29.2700004577637,2018
-38,140,3848,17.4500007629395,2018
-38,142,4673,16.1000003814697,2018
-38,144,2857,13.5299997329712,2018
-38,146,3414,9.71000003814697,2018
-38,148,4859,10.1999998092651,2018
-38,150,81,4.03000020980835,2018
-36,114,1340,8.35999965667725,2018
-36,116,6011,13.6499996185303,2018
-36,118,1781,18.2399997711182,2018
-36,134,404,9.53999996185303,2018
-36,136,527,15.3999996185303,2018
-36,138,931,10.4799995422363,2018
-36,140,935,15.0900001525879,2018
-36,142,1845,8.02000045776367,2018
-36,144,2221,19.7000007629395,2018
-36,146,5580,13.6800003051758,2018
-36,148,3349,12.1599998474121,2018
-36,150,5260,5.15000009536743,2018
-34,114,2235,4.80999994277954,2018
-34,116,13367,8.64999961853027,2018
-34,118,3386,11.3100004196167,2018
-34,120,5542,12.4499998092651,2018
-34,122,3070,26.4699993133545,2018
-34,132,7,5.78000020980835,2018
-34,134,234,7.67999982833862,2018
-34,136,2590,3.13000011444092,2018
-34,138,555,12.3699998855591,2018
-34,140,33,5.46999979019165,2018
-34,142,726,10.3699998855591,2018
-34,144,1986,7.96999979019165,2018
-34,146,4980,7.76000022888184,2018
-34,148,2461,10.6099996566772,2018
-34,150,5362,7.3899998664856,2018
-34,152,238,4.15000009536743,2018
-32,114,1884,20.8799991607666,2018
-32,116,6533,9.89000034332275,2018
-32,118,598,7.5,2018
-32,120,1292,11.0299997329712,2018
-32,122,318,10.210000038147,2018
-32,124,100,10.6400003433228,2018
-32,126,3,14.8100004196167,2018
-32,128,1,13.25,2018
-32,130,35,10.6099996566772,2018
-32,132,145,18.0200004577637,2018
-32,134,4,2.50999999046326,2018
-32,136,261,2.08999991416931,2018
-32,140,1,4.34000015258789,2018
-32,142,66,9.19999980926514,2018
-32,144,525,5.26999998092651,2018
-32,146,7313,7.05999994277954,2018
-32,148,10169,12.5100002288818,2018
-32,150,6575,9.27999973297119,2018
-32,152,2730,5.34000015258789,2018
-30,114,2111,9.47000026702881,2018
-30,116,151,6.51999998092651,2018
-30,118,43,9.44999980926514,2018
-30,120,344,16.6399993896484,2018
-30,122,900,15.8599996566772,2018
-30,124,1705,14.8599996566772,2018
-30,126,7110,24.4799995422363,2018
-30,128,3390,16.4599990844727,2018
-30,130,1782,13.8800001144409,2018
-30,132,13,22.579999923706,2018
-30,134,3,3.30999994277954,2018
-30,136,7,4.96999979019165,2018
-30,138,1,0.519999980926514,2018
-30,140,120,7.42000007629395,2018
-30,142,439,38.9300003051758,2018
-30,144,54,10.7200002670288,2018
-30,146,1713,9.36999988555908,2018
-30,148,8579,5.23999977111816,2018
-30,150,5444,7.92000007629395,2018
-30,152,9533,5.25,2018
-28,114,555,27.3600006103516,2018
-28,116,2,4.46000003814697,2018
-28,118,1067,18.5,2018
-28,120,2593,15.1000003814697,2018
-28,122,1766,14.0500001907349,2018
-28,124,8603,19.5,2018
-28,126,13459,19.0499992370605,2018
-28,128,12044,18.7900009155273,2018
-28,130,6927,14.0100002288818,2018
-28,132,2664,13.2200002670288,2018
-28,134,476,15.8000001907349,2018
-28,136,100,6.05000019073486,2018
-28,138,181,12.6099996566772,2018
-28,140,458,13.6999998092651,2018
-28,142,433,17.8700008392334,2018
-28,144,199,6.46000003814697,2018
-28,146,2658,9.42000007629394,2018
-28,148,5241,10.8699998855591,2018
-28,150,7417,7.53000020980835,2018
-28,152,5295,8.05000019073486,2018
-26,112,1,7.21999979019165,2018
-26,114,19,7.65999984741211,2018
-26,118,146,6.36999988555908,2018
-26,120,2983,29.1800003051758,2018
-26,122,8899,18.5100002288818,2018
-26,124,9708,16.3400001525879,2018
-26,126,13068,22.5699996948242,2018
-26,128,11819,16.7399997711182,2018
-26,130,10250,15.7700004577637,2018
-26,132,614,14.6599998474121,2018
-26,134,26,5.84999990463257,2018
-26,138,415,29.0200004577637,2018
-26,140,78,12.1700000762939,2018
-26,142,50,5.40000009536743,2018
-26,144,1257,8.34000015258789,2018
-26,146,6277,9.38000011444092,2018
-26,148,31593,10.6400003433228,2018
-26,150,26233,7.92999982833862,2018
-26,152,4751,6.38000011444092,2018
-24,112,41,6.96000003814697,2018
-24,114,3231,15.3999996185303,2018
-24,116,5159,18.5699996948242,2018
-24,118,6479,16.9200000762939,2018
-24,120,12147,19.4799995422363,2018
-24,122,13283,21.2399997711182,2018
-24,124,15316,23.5900001525879,2018
-24,126,8418,21.4200000762939,2018
-24,128,6004,18.8999996185303,2018
-24,130,3631,13.539999961853,2018
-24,132,1855,13.6599998474121,2018
-24,134,2682,15.1499996185303,2018
-24,136,99,14.5200004577637,2018
-24,138,221,16.4099998474121,2018
-24,140,83,4.3600001335144,2018
-24,142,115,6.05000019073486,2018
-24,144,841,6.73000001907349,2018
-24,146,2390,6.71000003814697,2018
-24,148,11729,9.61999988555908,2018
-24,150,11721,8.17000007629395,2018
-22,114,3213,8.81999969482422,2018
-22,116,4228,12.0699996948242,2018
-22,118,15968,15.8400001525879,2018
-22,120,16924,18.3600006103516,2018
-22,122,22958,19.1800003051758,2018
-22,124,10484,19.2700004577637,2018
-22,126,6724,19.7099990844727,2018
-22,128,1744,20.7900009155273,2018
-22,130,4957,21.0599994659424,2018
-22,132,4816,20.6800003051758,2018
-22,134,1129,15.3199996948242,2018
-22,136,380,23.5400009155273,2018
-22,138,1990,8.67000007629395,2018
-22,140,654,10.2600002288818,2018
-22,142,169,10.4899997711182,2018
-22,144,3879,8.59000015258789,2018
-22,146,2454,7.90999984741211,2018
-22,148,17995,8.59000015258789,2018
-20,118,12,20.3199996948242,2018
-20,120,4472,17.5400009155273,2018
-20,122,26853,19.7700004577637,2018
-20,124,11972,13.0500001907349,2018
-20,126,10378,11.3299999237061,2018
-20,128,4573,12.8000001907349,2018
-20,130,6485,17.7600002288818,2018
-20,132,7018,19.3899993896484,2018
-20,134,1360,13.7399997711182,2018
-20,136,6679,11,2018
-20,138,6537,10.4499998092651,2018
-20,140,1414,12.1899995803833,2018
-20,142,6177,9.0600004196167,2018
-20,144,10240,7.78999996185303,2018
-20,146,6307,9.47999954223633,2018
-20,148,13,4.84000015258789,2018
-18,122,20603,13.3000001907349,2018
-18,124,36332,9.57999992370606,2018
-18,126,28809,10.1599998474121,2018
-18,128,25600,9.14000034332275,2018
-18,130,23219,9.84000015258789,2018
-18,132,9407,12.4899997711182,2018
-18,134,10576,10.0500001907349,2018
-18,136,24920,10.1099996566772,2018
-18,138,12329,10.0900001525879,2018
-18,140,3478,11.5,2018
-18,142,25220,10.3599996566772,2018
-18,144,12713,7.8899998664856,2018
-18,146,30,5.73999977111816,2018
-16,124,20440,8.25,2018
-16,126,53116,8.68000030517578,2018
-16,128,29223,8.68000030517578,2018
-16,130,48551,8.97000026702881,2018
-16,132,34001,9.31999969482422,2018
-16,134,28320,10.6099996566772,2018
-16,136,7203,8.44999980926514,2018
-16,140,9805,12.0200004577637,2018
-16,142,25898,8.93000030517578,2018
-16,144,18288,7.76000022888184,2018
-14,126,1800,10.3500003814697,2018
-14,128,1335,12.210000038147,2018
-14,130,38035,9.39000034332275,2018
-14,132,57172,8.22000026702881,2018
-14,134,56828,9.75,2018
-14,136,15091,8.88000011444092,2018
-14,140,10743,10.1700000762939,2018
-14,142,25001,8.05000019073486,2018
-12,118,8,4.65000009536743,2018
-12,120,788,5.67000007629395,2018
-12,122,1114,6.19000005722046,2018
-12,124,589,7.17000007629395,2018
-12,130,11816,8.65999984741211,2018
-12,132,12136,8.92000007629395,2018
-12,134,1337,6.69999980926514,2018
-12,136,90,11.5100002288818,2018
-12,140,29,5.53999996185303,2018
-12,142,7612,8.88000011444092,2018
-10,112,1211,3.99000000953674,2018
-10,114,1330,6.17999982833862,2018
-10,116,3734,8.43000030517578,2018
-10,118,8425,7.88000011444092,2018
-10,120,3408,6.32000017166138,2018
-10,122,3019,6.78000020980835,2018
-10,124,6642,6.25,2018
-10,126,172,5.76999998092651,2018
-10,128,108,5.61999988555908,2018
-10,130,339,6.17000007629395,2018
-10,136,1480,6.57000017166138,2018
-10,138,2820,7.73999977111816,2018
-10,140,8428,7.32999992370605,2018
-10,142,36,11.9399995803833,2018
-44,144,163,15.1700000762939,2017
-44,146,1113,13.5600004196167,2017
-44,148,42,7.48999977111816,2017
-42,142,6,2.05999994277954,2017
-42,144,1169,8.5,2017
-42,146,2104,12.6000003814697,2017
-42,148,1090,15.4099998474121,2017
-40,140,82,5.6399998664856,2017
-40,142,751,16.3500003814697,2017
-40,144,507,8.92000007629395,2017
-40,146,956,6.76999998092651,2017
-40,148,2,4.23999977111816,2017
-38,138,21,8.28999996185303,2017
-38,140,4280,16.7999992370605,2017
-38,142,5046,15.2399997711182,2017
-38,144,3084,13.2700004577637,2017
-38,146,2993,8.81999969482422,2017
-38,148,4383,7.46999979019165,2017
-38,150,29,4.84999990463257,2017
-36,114,659,18.4599990844727,2017
-36,116,5688,11.9300003051758,2017
-36,118,1075,16.4500007629395,2017
-36,122,58,6.88000011444092,2017
-36,134,806,12.5799999237061,2017
-36,136,1211,14.2200002670288,2017
-36,138,1598,14.0500001907349,2017
-36,140,986,13.7700004577637,2017
-36,142,1753,11.6499996185303,2017
-36,144,3497,18.1499996185303,2017
-36,146,10773,15.8999996185303,2017
-36,148,2885,14.289999961853,2017
-36,150,3445,4.03999996185303,2017
-34,114,2910,10.6700000762939,2017
-34,116,16228,10.1800003051758,2017
-34,118,5124,9.85000038146973,2017
-34,120,3494,19.3999996185303,2017
-34,122,1562,24.75,2017
-34,124,807,43.3300018310547,2017
-34,126,7514,24.2099990844727,2017
-34,132,59,33.7000007629395,2017
-34,134,859,13.4799995422363,2017
-34,136,2980,5.11999988555908,2017
-34,138,1046,15.2799997329712,2017
-34,140,165,15.8299999237061,2017
-34,142,463,9.56999969482422,2017
-34,144,1131,11.1199998855591,2017
-34,146,7873,11.710000038147,2017
-34,148,5182,20.329999923706,2017
-34,150,2953,5.28000020980835,2017
-34,152,491,15.289999961853,2017
-32,114,1967,13.1400003433228,2017
-32,116,13833,11.1499996185303,2017
-32,118,2476,12.4200000762939,2017
-32,120,1167,6.48000001907349,2017
-32,122,3186,18.6399993896484,2017
-32,124,1393,18.2000007629395,2017
-32,126,72,22.8700008392334,2017
-32,130,52,27.5599994659424,2017
-32,132,1419,29.3199996948242,2017
-32,136,316,2.13000011444092,2017
-32,138,22,5,2017
-32,140,25,18.6000003814697,2017
-32,142,24,5.69000005722046,2017
-32,144,750,8.44999980926514,2017
-32,146,5793,6.63000011444092,2017
-32,148,5239,7.40000009536743,2017
-32,150,4203,6.8899998664856,2017
-32,152,4990,6.67000007629395,2017
-30,114,4268,10.2700004577637,2017
-30,116,1330,12.8900003433228,2017
-30,118,138,21.7000007629395,2017
-30,120,53,11.3599996566772,2017
-30,122,2354,25.75,2017
-30,124,11067,15.2299995422363,2017
-30,126,4581,10.1300001144409,2017
-30,128,1577,18.6800003051758,2017
-30,130,899,13.1199998855591,2017
-30,132,14,5.76000022888184,2017
-30,134,29,4.76999998092651,2017
-30,136,16,3.89000010490417,2017
-30,138,4,2.64000010490417,2017
-30,140,84,3.89000010490417,2017
-30,142,168,30.1900005340576,2017
-30,144,63,4.59000015258789,2017
-30,146,1204,6.53000020980835,2017
-30,148,10838,6.44000005722046,2017
-30,150,6133,6.96000003814697,2017
-30,152,9595,5.59000015258789,2017
-28,114,312,16.0799999237061,2017
-28,116,8,3.44000005722046,2017
-28,118,113,18.5,2017
-28,120,258,18.0200004577637,2017
-28,122,1129,23.9899997711182,2017
-28,124,6038,14.6400003433228,2017
-28,126,2216,21.7900009155273,2017
-28,128,172,13.710000038147,2017
-28,130,2236,12.2600002288818,2017
-28,132,1156,15.6199998855591,2017
-28,134,14,2.54999995231628,2017
-28,136,6,3.16000008583069,2017
-28,138,9,6.46000003814697,2017
-28,140,243,12.5299997329712,2017
-28,142,66,9.76000022888184,2017
-28,144,247,7.17999982833862,2017
-28,146,3727,12.5299997329712,2017
-28,148,6381,6.3600001335144,2017
-28,150,8268,6.90000009536743,2017
-28,152,2803,5.61999988555908,2017
-26,112,8,3.73000001907349,2017
-26,114,85,12.3500003814697,2017
-26,116,15,3.07999992370605,2017
-26,118,1343,13.6700000762939,2017
-26,120,1967,18.1800003051758,2017
-26,122,5484,22.0499992370605,2017
-26,124,1367,15.3800001144409,2017
-26,126,3234,17.0300006866455,2017
-26,128,9502,17.9300003051758,2017
-26,130,3768,13.7399997711182,2017
-26,132,186,9.52999973297119,2017
-26,134,297,10.960000038147,2017
-26,136,7,18.9699993133545,2017
-26,138,119,8.68000030517578,2017
-26,140,51,13.9399995803833,2017
-26,142,103,4.94999980926514,2017
-26,144,633,10.960000038147,2017
-26,146,12705,9.11999988555908,2017
-26,148,9461,8.5600004196167,2017
-26,150,7424,5.53999996185303,2017
-26,152,5340,8.14999961853027,2017
-24,112,562,18.6700000762939,2017
-24,114,4175,17.0400009155273,2017
-24,116,4191,17.2000007629395,2017
-24,118,8803,15.5200004577637,2017
-24,120,11028,17.8600006103516,2017
-24,122,10595,23.0499992370605,2017
-24,124,4323,19.0599994659424,2017
-24,126,9405,19.0499992370605,2017
-24,128,13005,17.7800006866455,2017
-24,130,13613,17.5400009155273,2017
-24,132,3463,12.8299999237061,2017
-24,134,942,12.6400003433228,2017
-24,136,205,17.3500003814697,2017
-24,138,188,9.31999969482422,2017
-24,140,32,4.63000011444092,2017
-24,142,72,10.4200000762939,2017
-24,144,848,9.17000007629394,2017
-24,146,6343,7.90000009536743,2017
-24,148,5182,6.53999996185303,2017
-24,150,13333,9.06999969482422,2017
-22,114,3079,8.72999954223633,2017
-22,116,4870,12.4300003051758,2017
-22,118,6232,16.1499996185303,2017
-22,120,3221,24.0400009155273,2017
-22,122,9557,17.3700008392334,2017
-22,124,19991,22.5100002288818,2017
-22,126,13536,18.5300006866455,2017
-22,128,21784,19.0100002288818,2017
-22,130,9080,18.2099990844727,2017
-22,132,14199,18.2600002288818,2017
-22,134,11008,13.3800001144409,2017
-22,136,10368,12.4399995803833,2017
-22,138,2043,8.36999988555908,2017
-22,140,1666,10.75,2017
-22,142,374,11,2017
-22,144,2071,7.05000019073486,2017
-22,146,1467,9.31999969482422,2017
-22,148,6042,6.44999980926514,2017
-20,120,2524,15.3100004196167,2017
-20,122,15656,18.9200000762939,2017
-20,124,35003,18.2099990844727,2017
-20,126,22705,16.6599998474121,2017
-20,128,22959,15.3299999237061,2017
-20,130,20148,18.0599994659424,2017
-20,132,16424,17.2700004577637,2017
-20,134,11088,17.1299991607666,2017
-20,136,6371,14.0100002288818,2017
-20,138,3305,11.9799995422363,2017
-20,140,5975,10.4200000762939,2017
-20,142,15296,9.44999980926514,2017
-20,144,19443,7.15999984741211,2017
-20,146,1932,7.36999988555908,2017
-20,148,15,13.0299997329712,2017
-18,122,8578,11.3699998855591,2017
-18,124,23061,8.65999984741211,2017
-18,126,15648,9,2017
-18,128,15591,12.6000003814697,2017
-18,130,11023,12.1499996185303,2017
-18,132,20710,10.3800001144409,2017
-18,134,19904,11.6899995803833,2017
-18,136,23537,10.6499996185303,2017
-18,138,6365,9.92000007629394,2017
-18,140,4068,10.3000001907349,2017
-18,142,16420,10.0200004577637,2017
-18,144,10487,7.01000022888184,2017
-18,146,13,4.23000001907349,2017
-16,124,16578,8.60000038146973,2017
-16,126,24022,7.15000009536743,2017
-16,128,14869,7.53000020980835,2017
-16,130,35454,7.6399998664856,2017
-16,132,20356,8.3100004196167,2017
-16,134,14513,9.88000011444092,2017
-16,136,2835,9.43000030517578,2017
-16,140,4827,8.98999977111816,2017
-16,142,15586,7.69999980926514,2017
-16,144,6283,7.78999996185303,2017
-14,126,285,5.69999980926514,2017
-14,128,1706,12.789999961853,2017
-14,130,26294,9.64000034332275,2017
-14,132,37775,7.40999984741211,2017
-14,134,21191,9.0600004196167,2017
-14,136,7965,8.44999980926514,2017
-14,140,7150,9.21000003814697,2017
-14,142,12436,8.75,2017
-12,118,15,6.09999990463257,2017
-12,120,1102,6.5,2017
-12,122,779,5.67999982833862,2017
-12,124,495,8.07999992370605,2017
-12,130,11798,9.11999988555908,2017
-12,132,8617,9.76000022888184,2017
-12,134,599,7.03000020980835,2017
-12,136,95,7.76000022888184,2017
-12,140,149,6.3600001335144,2017
-12,142,2268,9.89000034332275,2017
-10,112,1188,5.28999996185303,2017
-10,114,549,6.59999990463257,2017
-10,116,2885,7.82000017166138,2017
-10,118,6726,7.5,2017
-10,120,3623,6.23999977111816,2017
-10,122,2643,6.51000022888184,2017
-10,124,5429,6.82999992370605,2017
-10,126,96,4.76000022888184,2017
-10,128,66,4.73999977111816,2017
-10,130,275,5.96000003814697,2017
-10,136,432,9.09000015258789,2017
-10,138,963,7.42999982833862,2017
-10,140,2402,6.61999988555908,2017
-10,142,6,2.76999998092651,2017
-44,144,353,5.59999990463257,2016
-44,146,1324,10.75,2016
-44,148,3,1.96000003814697,2016
-42,142,1,1.66999995708466,2016
-42,144,7985,12.8299999237061,2016
-42,146,3948,9.18000030517578,2016
-42,148,1800,21.8400001525879,2016
-40,140,98,19.1700000762939,2016
-40,142,568,9.6899995803833,2016
-40,144,235,4.98999977111816,2016
-40,146,970,8.09000015258789,2016
-40,148,1,0.6700000166893,2016
-38,138,68,4.65999984741211,2016
-38,140,1684,11.4899997711182,2016
-38,142,2030,15.8900003433228,2016
-38,144,2085,11.6400003433228,2016
-38,146,4316,7.82999992370605,2016
-38,148,2651,9.80000019073486,2016
-38,150,19,3.32999992370605,2016
-36,114,627,40.439998626709,2016
-36,116,6154,17.3400001525879,2016
-36,118,759,14.8400001525879,2016
-36,134,680,12.1700000762939,2016
-36,136,685,11.6899995803833,2016
-36,138,813,11.8699998855591,2016
-36,140,582,10.6300001144409,2016
-36,142,781,6.1100001335144,2016
-36,144,1942,16,2016
-36,146,8342,18.1599998474121,2016
-36,148,3034,10.1499996185303,2016
-36,150,3087,3.96000003814697,2016
-34,114,3858,16.4500007629395,2016
-34,116,14313,11.3000001907349,2016
-34,118,1719,11.0500001907349,2016
-34,120,1444,18.9699993133545,2016
-34,122,919,9.6899995803833,2016
-34,124,30,23.1399993896484,2016
-34,126,1795,33.4599990844727,2016
-34,132,60,9.97999954223633,2016
-34,134,792,10.0900001525879,2016
-34,136,2628,3.50999999046326,2016
-34,138,556,13.289999961853,2016
-34,140,50,17.4500007629395,2016
-34,142,448,15.8100004196167,2016
-34,144,498,8.47000026702881,2016
-34,146,4583,11.9200000762939,2016
-34,148,2375,15.8100004196167,2016
-34,150,4293,6.30000019073486,2016
-34,152,297,8.97999954223633,2016
-32,114,1741,19.5100002288818,2016
-32,116,5299,8.46000003814697,2016
-32,118,606,11.0699996948242,2016
-32,120,1218,8.98999977111816,2016
-32,122,2013,22.7299995422363,2016
-32,124,496,18.7900009155273,2016
-32,128,107,50.25,2016
-32,132,40,10.1999998092651,2016
-32,134,8,7.1100001335144,2016
-32,136,367,2.19000005722046,2016
-32,138,11,3.70000004768372,2016
-32,140,2,3.19000005722046,2016
-32,142,4,2.15000009536743,2016
-32,144,518,7.6100001335144,2016
-32,146,3188,6.76999998092651,2016
-32,148,3219,13.0699996948242,2016
-32,150,3104,5.96000003814697,2016
-32,152,4161,4.34000015258789,2016
-30,114,1677,7.40999984741211,2016
-30,116,406,7.40999984741211,2016
-30,118,448,24.4799995422363,2016
-30,120,89,15.2399997711182,2016
-30,122,2300,18.2900009155273,2016
-30,124,1461,22.5599994659424,2016
-30,126,403,5.69000005722046,2016
-30,128,78,6.26999998092651,2016
-30,130,19,12.2399997711182,2016
-30,134,1,3.26999998092651,2016
-30,136,3,2.29999995231628,2016
-30,138,1,0.540000021457672,2016
-30,140,100,4.01999998092651,2016
-30,142,40,55.2400016784668,2016
-30,144,107,6.48000001907349,2016
-30,146,678,5.5,2016
-30,148,6544,6.94000005722046,2016
-30,150,3651,10.3100004196167,2016
-30,152,7733,6.05999994277954,2016
-28,114,97,8.28999996185303,2016
-28,116,13,4.92999982833862,2016
-28,118,76,17.4200000762939,2016
-28,120,467,20.3400001525879,2016
-28,122,170,20.1200008392334,2016
-28,124,258,12.0200004577637,2016
-28,126,49,19.0400009155273,2016
-28,128,159,6.65000009536743,2016
-28,130,3,4.42000007629395,2016
-28,132,36,7.61999988555908,2016
-28,134,23,16.7900009155273,2016
-28,138,12,4.11999988555908,2016
-28,140,21,4.13000011444092,2016
-28,142,4,7.65999984741211,2016
-28,144,53,3.80999994277954,2016
-28,146,1182,6.34999990463257,2016
-28,148,5041,7.65000009536743,2016
-28,150,9098,7.71000003814697,2016
-28,152,5946,5.55000019073486,2016
-26,112,5,3.46000003814697,2016
-26,114,60,3.83999991416931,2016
-26,116,8,4.07000017166138,2016
-26,118,815,17.2099990844727,2016
-26,120,406,16.3099994659424,2016
-26,122,395,12.8699998855591,2016
-26,124,91,19.7199993133545,2016
-26,126,106,8.92000007629395,2016
-26,128,461,15.1800003051758,2016
-26,130,344,5.57999992370605,2016
-26,132,26,5.86999988555908,2016
-26,134,11,5.6399998664856,2016
-26,138,13,8.76000022888184,2016
-26,140,79,15.7700004577637,2016
-26,142,134,10.6800003051758,2016
-26,144,380,4.15000009536743,2016
-26,146,2241,6.80999994277954,2016
-26,148,10777,7.34999990463257,2016
-26,150,21848,7.21000003814697,2016
-26,152,4000,9.03999996185303,2016
-24,112,6,13.2799997329712,2016
-24,114,426,15.2700004577637,2016
-24,116,1722,11.8100004196167,2016
-24,118,4480,17.9500007629395,2016
-24,120,2541,18.4799995422363,2016
-24,122,1100,17.4500007629395,2016
-24,124,95,9.53999996185303,2016
-24,126,421,27.7999992370605,2016
-24,128,1243,13.2700004577637,2016
-24,130,2043,24.2600002288818,2016
-24,132,333,13.1999998092651,2016
-24,134,49,10.3500003814697,2016
-24,136,1,4.34999990463257,2016
-24,138,16,5.42000007629395,2016
-24,140,87,7.76000022888184,2016
-24,142,113,7.51000022888184,2016
-24,144,493,6.01999998092651,2016
-24,146,3919,9.38000011444092,2016
-24,148,4507,5.73000001907349,2016
-24,150,7343,7.63000011444092,2016
-22,114,2324,8.1899995803833,2016
-22,116,2624,9.02000045776367,2016
-22,118,2038,14.6400003433228,2016
-22,120,1262,12.9899997711182,2016
-22,122,1075,22.7600002288818,2016
-22,124,850,23.8600006103516,2016
-22,126,2785,17.6399993896484,2016
-22,128,2587,17.6000003814697,2016
-22,130,347,23.3799991607666,2016
-22,132,1171,27.8099994659424,2016
-22,134,650,11.6199998855591,2016
-22,136,12,14.1400003433228,2016
-22,138,1234,7.17000007629395,2016
-22,140,1496,6.92000007629395,2016
-22,142,66,6.80999994277954,2016
-22,144,252,4.69999980926514,2016
-22,146,1288,6.78999996185303,2016
-22,148,3208,5.96999979019165,2016
-20,118,9,11.9700002670288,2016
-20,120,107,12.710000038147,2016
-20,122,1679,17.1399993896484,2016
-20,124,2391,14.5200004577637,2016
-20,126,6564,14.3100004196167,2016
-20,128,5360,14.8800001144409,2016
-20,130,1457,14.9099998474121,2016
-20,132,887,16.0200004577637,2016
-20,134,1941,13.6599998474121,2016
-20,136,816,6.80999994277954,2016
-20,138,3445,10.7399997711182,2016
-20,140,5004,11.8599996566772,2016
-20,142,11069,9.35999965667725,2016
-20,144,4799,7.94000005722046,2016
-20,146,1751,6.3899998664856,2016
-20,148,31,10.8000001907349,2016
-18,122,2531,11.0699996948242,2016
-18,124,17075,8.25,2016
-18,126,24077,11.0100002288818,2016
-18,128,6794,8.88000011444092,2016
-18,130,6416,9.59000015258789,2016
-18,132,5915,12.6499996185303,2016
-18,134,3845,10.8299999237061,2016
-18,136,8928,9.39000034332275,2016
-18,138,2707,8.38000011444092,2016
-18,140,4871,10.8599996566772,2016
-18,142,20221,10.3000001907349,2016
-18,144,6645,7.48999977111816,2016
-18,146,7,6.36999988555908,2016
-16,124,15989,7.98000001907349,2016
-16,126,37168,9.02999973297119,2016
-16,128,19028,8.39999961853027,2016
-16,130,33947,8.60999965667725,2016
-16,132,20215,9.89000034332275,2016
-16,134,6746,9.63000011444092,2016
-16,136,1579,10.4799995422363,2016
-16,140,3942,8.72999954223633,2016
-16,142,30797,8.21000003814697,2016
-16,144,26873,8.89999961853027,2016
-14,126,2425,6.42000007629395,2016
-14,128,1429,12.0699996948242,2016
-14,130,29206,9.47000026702881,2016
-14,132,31806,7.86999988555908,2016
-14,134,30366,8.14999961853027,2016
-14,136,3921,8.55000019073486,2016
-14,140,8665,9.38000011444092,2016
-14,142,20841,7.53999996185303,2016
-12,118,2,4.78999996185303,2016
-12,120,336,5.30999994277954,2016
-12,122,764,6.44000005722046,2016
-12,124,376,6.78999996185303,2016
-12,130,9222,9.3100004196167,2016
-12,132,7376,9.42000007629394,2016
-12,134,715,7.67999982833862,2016
-12,136,15,11.1999998092651,2016
-12,140,30,9.3100004196167,2016
-12,142,6941,9.48999977111816,2016
-10,112,1078,4.80999994277954,2016
-10,114,69,4.59999990463257,2016
-10,116,1035,6.21000003814697,2016
-10,118,2425,7.26000022888184,2016
-10,120,1545,6.53000020980835,2016
-10,122,915,6.34999990463257,2016
-10,124,2589,5.90999984741211,2016
-10,126,71,4.59999990463257,2016
-10,128,89,5.01999998092651,2016
-10,130,365,6.51999998092651,2016
-10,136,97,6.67000007629395,2016
-10,138,2824,8.97000026702881,2016
-10,140,1643,6.98000001907349,2016
-10,142,8,52.9700012207031,2016
-44,144,87,28.7999992370605,2015
-44,146,2122,14.9399995803833,2015
-44,148,13,3.13000011444092,2015
-42,142,3,3.92000007629394,2015
-42,144,997,9.63000011444092,2015
-42,146,1949,7.71000003814697,2015
-42,148,591,11.0200004577637,2015
-40,140,153,8.73999977111816,2015
-40,142,847,17.5499992370605,2015
-40,144,349,6.34999990463257,2015
-40,146,918,11.1099996566772,2015
-40,148,2,5.82000017166138,2015
-38,138,91,31.0499992370605,2015
-38,140,2070,13.6000003814697,2015
-38,142,3627,16.25,2015
-38,144,3544,16.6100006103516,2015
-38,146,7082,7.61999988555908,2015
-38,148,3521,11.4099998474121,2015
-38,150,17,3.22000002861023,2015
-36,114,1544,14.8199996948242,2015
-36,116,11241,15.8199996948242,2015
-36,118,1240,13.6199998855591,2015
-36,134,579,15.6999998092651,2015
-36,136,826,13.0699996948242,2015
-36,138,2303,17.3199996948242,2015
-36,140,675,16.1800003051758,2015
-36,142,1112,7.90999984741211,2015
-36,144,2898,18.9400005340576,2015
-36,146,8035,15.6499996185303,2015
-36,148,2321,11.1300001144409,2015
-36,150,2599,3.99000000953674,2015
-34,114,2659,7.82999992370605,2015
-34,116,21309,12.6599998474121,2015
-34,118,3639,8.85999965667725,2015
-34,120,3859,28.0100002288818,2015
-34,122,9100,25.2299995422363,2015
-34,124,4,18.3099994659424,2015
-34,132,56,32.6300010681152,2015
-34,134,892,11.8299999237061,2015
-34,136,2496,4.07000017166138,2015
-34,138,597,11.7299995422363,2015
-34,140,83,7.59999990463257,2015
-34,142,296,9.97000026702881,2015
-34,144,484,5.13000011444092,2015
-34,146,3591,9.4399995803833,2015
-34,148,1827,11.6800003051758,2015
-34,150,2077,6.63000011444092,2015
-34,152,129,4.55999994277954,2015
-32,114,2620,19.2999992370605,2015
-32,116,7779,8.88000011444092,2015
-32,118,648,17.6200008392334,2015
-32,120,961,7.19999980926514,2015
-32,122,182,18.9200000762939,2015
-32,124,360,12.7700004577637,2015
-32,130,95,30.6700000762939,2015
-32,132,128,18.5699996948242,2015
-32,134,9,8.32999992370605,2015
-32,136,349,2.19000005722046,2015
-32,138,552,17.5900001525879,2015
-32,140,9,6.38000011444092,2015
-32,142,8,3.33999991416931,2015
-32,144,620,6.05999994277954,2015
-32,146,2587,5.90000009536743,2015
-32,148,4573,13.8900003433228,2015
-32,150,2334,6.73000001907349,2015
-32,152,1600,4.98000001907349,2015
-30,114,1714,8.14999961853027,2015
-30,116,106,14.5699996948242,2015
-30,118,294,19.2299995422363,2015
-30,120,178,26.8899993896484,2015
-30,122,2678,13.6499996185303,2015
-30,124,3428,19.2000007629395,2015
-30,126,493,26.3899993896484,2015
-30,128,804,17.4300003051758,2015
-30,130,52,10.6800003051758,2015
-30,132,30,0.8299999833107,2015
-30,134,3,1.50999999046326,2015
-30,136,4,2.46000003814697,2015
-30,138,5,1.3400000333786,2015
-30,140,357,2.80999994277954,2015
-30,142,3,30.7700004577637,2015
-30,144,46,3.19000005722046,2015
-30,146,1302,4.86999988555908,2015
-30,148,7198,5.5,2015
-30,150,2973,5.8899998664856,2015
-30,152,2384,4.57999992370605,2015
-28,114,708,27.0599994659424,2015
-28,116,10,11.0900001525879,2015
-28,118,46,15.1700000762939,2015
-28,120,1610,15.6999998092651,2015
-28,122,1041,14.539999961853,2015
-28,124,354,14.960000038147,2015
-28,126,208,10.6499996185303,2015
-28,128,1072,30.3099994659424,2015
-28,130,106,13.5500001907349,2015
-28,132,11,21.4699993133545,2015
-28,138,6,4.69999980926514,2015
-28,140,291,14.539999961853,2015
-28,142,445,43.8199996948242,2015
-28,144,154,6.94999980926514,2015
-28,146,2431,10.7299995422363,2015
-28,148,4504,6.3600001335144,2015
-28,150,8876,6.42000007629395,2015
-28,152,3284,5.01999998092651,2015
-26,112,2,7.51999998092651,2015
-26,114,2672,17.9799995422363,2015
-26,116,20,5.32999992370605,2015
-26,118,2933,25.0300006866455,2015
-26,120,1739,21.8899993896484,2015
-26,122,863,13.8699998855591,2015
-26,124,116,11.960000038147,2015
-26,126,388,15.6199998855591,2015
-26,128,1124,14.2700004577637,2015
-26,130,1122,10.7200002670288,2015
-26,132,148,12.5799999237061,2015
-26,134,6,3.33999991416931,2015
-26,136,14,6.63000011444092,2015
-26,138,44,7.07999992370605,2015
-26,140,55,14.8199996948242,2015
-26,142,45,4.71999979019165,2015
-26,144,1287,9.61999988555908,2015
-26,146,3992,11.6499996185303,2015
-26,148,8901,6.80999994277954,2015
-26,150,13504,7.26999998092651,2015
-26,152,3467,7.44000005722046,2015
-24,114,3895,12.8400001525879,2015
-24,116,2449,14.1999998092651,2015
-24,118,9941,17.5,2015
-24,120,4555,17.0599994659424,2015
-24,122,2754,18.3099994659424,2015
-24,124,1629,23.4099998474121,2015
-24,126,1584,21.1299991607666,2015
-24,128,5469,15.1400003433228,2015
-24,130,2278,15.6899995803833,2015
-24,132,516,18.1200008392334,2015
-24,134,22,7.71000003814697,2015
-24,136,2,1.62000000476837,2015
-24,138,2,2.75999999046326,2015
-24,140,10,6.86999988555908,2015
-24,142,428,10.5699996948242,2015
-24,144,1034,7.73000001907349,2015
-24,146,1979,7.01000022888184,2015
-24,148,6543,6.8899998664856,2015
-24,150,17305,9.09000015258789,2015
-22,114,410,9.98999977111816,2015
-22,116,6590,13.1099996566772,2015
-22,118,8300,15.8400001525879,2015
-22,120,5051,14.5200004577637,2015
-22,122,3724,19.9699993133545,2015
-22,124,2542,18.5400009155273,2015
-22,126,3667,21.2299995422363,2015
-22,128,5972,18.3700008392334,2015
-22,130,23030,18.5,2015
-22,132,15741,14.9700002670288,2015
-22,134,794,9.27999973297119,2015
-22,136,5,8.60999965667725,2015
-22,138,1418,6.78000020980835,2015
-22,140,747,16.5200004577637,2015
-22,142,93,7.8899998664856,2015
-22,144,279,7.90000009536743,2015
-22,146,1783,7.40000009536743,2015
-22,148,5539,6.53999996185303,2015
-20,118,41,13.8999996185303,2015
-20,120,783,16.9200000762939,2015
-20,122,10339,15.4499998092651,2015
-20,124,9958,13.960000038147,2015
-20,126,8034,15.5799999237061,2015
-20,128,16074,18.1599998474121,2015
-20,130,19418,17.3500003814697,2015
-20,132,24355,14.0100002288818,2015
-20,134,7080,17.0599994659424,2015
-20,136,8213,13.3100004196167,2015
-20,138,2067,8.97999954223633,2015
-20,140,1440,10.0100002288818,2015
-20,142,5635,9.90999984741211,2015
-20,144,5672,8.42000007629395,2015
-20,146,5376,7.44999980926514,2015
-20,148,5,5.84000015258789,2015
-18,122,18202,17.0699996948242,2015
-18,124,28446,9.15999984741211,2015
-18,126,14082,7.30000019073486,2015
-18,128,19186,9.51000022888184,2015
-18,130,16160,7.88000011444092,2015
-18,132,15744,13.8400001525879,2015
-18,134,14544,12.3000001907349,2015
-18,136,33777,10.0100002288818,2015
-18,138,3273,8.92000007629395,2015
-18,140,2470,9.71000003814697,2015
-18,142,10427,10.1300001144409,2015
-18,144,8604,6.34999990463257,2015
-18,146,46,4.98000001907349,2015
-16,124,15392,8.47000026702881,2015
-16,126,33367,7.96999979019165,2015
-16,128,25313,8.67000007629395,2015
-16,130,47482,7.73000001907349,2015
-16,132,24757,9.76000022888184,2015
-16,134,29390,8.64000034332275,2015
-16,136,1943,9.22000026702881,2015
-16,140,5109,9.36999988555908,2015
-16,142,17399,7.82000017166138,2015
-16,144,18321,6.90999984741211,2015
-14,126,375,11.8400001525879,2015
-14,128,1794,11.9099998474121,2015
-14,130,36810,9.9399995803833,2015
-14,132,55322,9.02999973297119,2015
-14,134,50639,10.4700002670288,2015
-14,136,21592,9.93000030517578,2015
-14,140,8897,9.0600004196167,2015
-14,142,22265,7.59000015258789,2015
-12,118,4,3.6800000667572,2015
-12,120,1473,6.15999984741211,2015
-12,122,1433,6.19000005722046,2015
-12,124,1045,6.86999988555908,2015
-12,130,13567,9.27000045776367,2015
-12,132,12362,9.8100004196167,2015
-12,134,2430,9.96000003814697,2015
-12,136,595,10.8800001144409,2015
-12,140,144,6.15000009536743,2015
-12,142,6830,8.55000019073486,2015
-10,112,2114,5.75,2015
-10,114,2340,6.26000022888184,2015
-10,116,5933,9.02999973297119,2015
-10,118,7770,7.78000020980835,2015
-10,120,4135,6.73999977111816,2015
-10,122,3313,6.78000020980835,2015
-10,124,8740,6.94999980926514,2015
-10,126,170,5.96000003814697,2015
-10,128,116,6.5,2015
-10,130,407,7.23999977111816,2015
-10,136,2260,8,2015
-10,138,8032,8.52000045776367,2015
-10,140,11548,6.84999990463257,2015
-10,142,10,7.28999996185303,2015
-44,144,129,11.9499998092651,2014
-44,146,1617,19.4500007629395,2014
-44,148,84,3.26999998092651,2014
-42,142,3,9.67000007629394,2014
-42,144,1490,16.4799995422363,2014
-42,146,1762,7.78000020980835,2014
-42,148,705,20.1499996185303,2014
-40,140,253,19.4599990844727,2014
-40,142,516,10.9499998092651,2014
-40,144,295,7.84999990463257,2014
-40,146,2354,17.7399997711182,2014
-40,148,4,4.65999984741211,2014
-38,136,14,10.5200004577637,2014
-38,138,42,4,2014
-38,140,2687,13.4499998092651,2014
-38,142,7016,17.3199996948242,2014
-38,144,3994,10.8999996185303,2014
-38,146,2150,13.8800001144409,2014
-38,148,18676,13.0799999237061,2014
-38,150,72,12.3999996185303,2014
-36,114,168,9.72999954223633,2014
-36,116,3944,16.4300003051758,2014
-36,118,901,12.6199998855591,2014
-36,134,408,12.8299999237061,2014
-36,136,1132,12.3800001144409,2014
-36,138,1173,10.8400001525879,2014
-36,140,5009,34.0299987792969,2014
-36,142,1910,25.0799999237061,2014
-36,144,2525,17.1700000762939,2014
-36,146,9110,14.8500003814697,2014
-36,148,2712,12.1599998474121,2014
-36,150,2750,3.25999999046326,2014
-34,114,1094,8,2014
-34,116,8922,9.35000038146973,2014
-34,118,3993,7.42999982833862,2014
-34,120,1294,9.46000003814697,2014
-34,122,473,20.6599998474121,2014
-34,124,37,4.94000005722046,2014
-34,132,72,14.8599996566772,2014
-34,134,1489,16.4099998474121,2014
-34,136,2961,5.3600001335144,2014
-34,138,2255,22.6399993896484,2014
-34,140,812,32.0999984741211,2014
-34,142,218,8.69999980926514,2014
-34,144,230,12.3199996948242,2014
-34,146,2853,9.05000019073486,2014
-34,148,1969,9.97999954223633,2014
-34,150,6548,7.01000022888184,2014
-34,152,266,7.51000022888184,2014
-32,114,1273,15.8599996566772,2014
-32,116,7512,9.82999992370606,2014
-32,118,980,10.4300003051758,2014
-32,120,1529,10.9899997711182,2014
-32,122,190,16.2099990844727,2014
-32,124,170,4.17000007629395,2014
-32,128,3,4.46999979019165,2014
-32,130,1,8.17000007629395,2014
-32,132,2298,33.6599998474121,2014
-32,134,553,32.4000015258789,2014
-32,136,461,3.10999989509583,2014
-32,138,42,3.39000010490417,2014
-32,140,122,10.4899997711182,2014
-32,142,14,10.7799997329712,2014
-32,144,391,6.13000011444092,2014
-32,146,1888,4.09000015258789,2014
-32,148,3739,5.57999992370605,2014
-32,150,2824,5.65999984741211,2014
-32,152,4976,6.96000003814697,2014
-30,114,2453,8.06999969482422,2014
-30,116,371,7.92000007629395,2014
-30,118,175,19.3700008392334,2014
-30,120,229,10.460000038147,2014
-30,122,1971,13.0299997329712,2014
-30,124,3810,20.1399993896484,2014
-30,126,1579,20.2600002288818,2014
-30,128,2003,13.8800001144409,2014
-30,130,724,11.5299997329712,2014
-30,132,37,8.51000022888184,2014
-30,134,1,0.689999997615814,2014
-30,138,310,3.41000008583069,2014
-30,140,281,2.75999999046326,2014
-30,142,302,19.6399993896484,2014
-30,144,55,6.15999984741211,2014
-30,146,1269,9.09000015258789,2014
-30,148,6752,4.94999980926514,2014
-30,150,4761,7,2014
-30,152,6668,6.23999977111816,2014
-28,114,627,42.4900016784668,2014
-28,118,26,15.2200002670288,2014
-28,120,428,29.0499992370605,2014
-28,122,1365,18.1700000762939,2014
-28,124,994,13.3900003433228,2014
-28,126,2494,14.710000038147,2014
-28,128,1859,13.2299995422363,2014
-28,130,376,13.0100002288818,2014
-28,132,20,7.03999996185303,2014
-28,134,176,13.3999996185303,2014
-28,136,23,8.80000019073486,2014
-28,138,50,21.6499996185303,2014
-28,140,2364,22.5,2014
-28,142,36,0.790000021457672,2014
-28,144,196,9.02999973297119,2014
-28,146,1817,10.789999961853,2014
-28,148,3958,7.90999984741211,2014
-28,150,7714,7.1399998664856,2014
-28,152,3499,7.51000022888184,2014
-26,112,2,3.61999988555908,2014
-26,116,13,4.19000005722046,2014
-26,118,530,16.1499996185303,2014
-26,120,4882,18.5599994659424,2014
-26,122,3557,16.6100006103516,2014
-26,124,676,13.960000038147,2014
-26,126,1948,15.5900001525879,2014
-26,128,3683,18.8700008392334,2014
-26,130,654,8.22999954223633,2014
-26,132,88,11.6000003814697,2014
-26,134,2,14.710000038147,2014
-26,136,20,3.78999996185303,2014
-26,138,232,5.34000015258789,2014
-26,140,221,14,2014
-26,142,176,11.2399997711182,2014
-26,144,1140,8.98999977111816,2014
-26,146,14371,10.2399997711182,2014
-26,148,13113,6.73999977111816,2014
-26,150,10389,6.48999977111816,2014
-26,152,3160,7.3600001335144,2014
-24,114,942,12.2399997711182,2014
-24,116,3399,13.9300003051758,2014
-24,118,5859,13.7700004577637,2014
-24,120,7707,15.3299999237061,2014
-24,122,15849,19.9400005340576,2014
-24,124,4516,20.9400005340576,2014
-24,126,3110,22.1900005340576,2014
-24,128,2713,14.0900001525879,2014
-24,130,1015,16.0100002288818,2014
-24,132,229,8.42000007629395,2014
-24,134,106,22.2399997711182,2014
-24,136,42,6.32999992370605,2014
-24,138,101,14.5,2014
-24,140,47,5.94000005722046,2014
-24,142,365,19.2800006866455,2014
-24,144,1481,11.8999996185303,2014
-24,146,10418,8.63000011444092,2014
-24,148,12788,6.57000017166138,2014
-24,150,6363,6.65000009536743,2014
-22,114,524,3.17000007629395,2014
-22,116,11403,12.8199996948242,2014
-22,118,12863,14.0200004577637,2014
-22,120,13326,17.1900005340576,2014
-22,122,9797,17.1100006103516,2014
-22,124,6117,18.7600002288818,2014
-22,126,4759,21.5300006866455,2014
-22,128,2675,20.6000003814697,2014
-22,130,1754,22.8299999237061,2014
-22,132,1728,15.5500001907349,2014
-22,134,316,11.1099996566772,2014
-22,136,6,4.55999994277954,2014
-22,138,1197,6.28999996185303,2014
-22,140,1466,12.7600002288818,2014
-22,142,243,11.8000001907349,2014
-22,144,975,7.76999998092651,2014
-22,146,3375,8.69999980926514,2014
-22,148,4999,7.01000022888184,2014
-22,150,2,2.58999991416931,2014
-20,120,4113,15.4700002670288,2014
-20,122,9321,16.7199993133545,2014
-20,124,3279,12.460000038147,2014
-20,126,8372,14.4499998092651,2014
-20,128,8102,17.0100002288818,2014
-20,130,17195,25.7000007629395,2014
-20,132,14458,16.3199996948242,2014
-20,134,979,18.7999992370605,2014
-20,136,1031,23.3600006103516,2014
-20,138,2303,10.5799999237061,2014
-20,140,1623,10.5299997329712,2014
-20,142,4878,9.96000003814697,2014
-20,144,8658,9.5600004196167,2014
-20,146,2798,9.14000034332275,2014
-20,148,39,7.65000009536743,2014
-18,122,26918,13.4099998474121,2014
-18,124,23658,9.86999988555908,2014
-18,126,27338,9.97999954223633,2014
-18,128,9176,9.90999984741211,2014
-18,130,21175,15.7700004577637,2014
-18,132,25783,13.9499998092651,2014
-18,134,19205,12.1899995803833,2014
-18,136,12428,9.61999988555908,2014
-18,138,9489,10.0600004196167,2014
-18,140,2573,9.5,2014
-18,142,24149,8.55000019073486,2014
-18,144,8897,6.88000011444092,2014
-18,146,104,10.789999961853,2014
-16,124,16442,8.1899995803833,2014
-16,126,37268,7.78999996185303,2014
-16,128,20949,7.19000005722046,2014
-16,130,35828,9.07999992370606,2014
-16,132,31311,8.96000003814697,2014
-16,134,28847,11.6599998474121,2014
-16,136,6877,11.4099998474121,2014
-16,140,7197,10.9399995803833,2014
-16,142,33938,8.35999965667725,2014
-16,144,26967,8.03999996185303,2014
-14,126,2074,7.98999977111816,2014
-14,128,1739,11.1300001144409,2014
-14,130,42379,9.72000026702881,2014
-14,132,65261,9.26000022888184,2014
-14,134,58574,10.2600002288818,2014
-14,136,13682,9.10999965667725,2014
-14,140,9812,10.3900003433228,2014
-14,142,26906,8.02000045776367,2014
-12,118,3,4.19999980926514,2014
-12,120,1273,6.3600001335144,2014
-12,122,1351,5.96000003814697,2014
-12,124,961,6.3899998664856,2014
-12,130,15916,9.82999992370606,2014
-12,132,14516,8.77999973297119,2014
-12,134,1063,6.55999994277954,2014
-12,136,92,6.32999992370605,2014
-12,140,21,3.55999994277954,2014
-12,142,5720,9.39000034332275,2014
-10,112,3535,7.65999984741211,2014
-10,114,1469,6.8899998664856,2014
-10,116,4470,8.73999977111816,2014
-10,118,9006,8.86999988555908,2014
-10,120,4640,6.51000022888184,2014
-10,122,4343,6.80999994277954,2014
-10,124,9771,6.19000005722046,2014
-10,126,163,5.30999994277954,2014
-10,128,182,7.44999980926514,2014
-10,130,383,6.76000022888184,2014
-10,136,2126,7.86999988555908,2014
-10,138,3512,7.19999980926514,2014
-10,140,8525,7.19999980926514,2014
-10,142,29,4.28000020980835,2014
