latitude,longitude,frp,acq_date,confidence,source_region
-6.14236,11.03066,1.81,2026-05-15,nominal,Southern_Africa
-5.65671,11.81147,5.5,2026-05-15,nominal,Southern_Africa
-6.11663,12.33371,0.79,2026-05-15,nominal,Southern_Africa
-6.11726,12.33793,0.79,2026-05-15,nominal,Southern_Africa
-6.1209,12.33737,0.79,2026-05-15,nominal,Southern_Africa
-6.12153,12.34159,1.25,2026-05-15,nominal,Southern_Africa
-6.16396,12.32644,1.66,2026-05-15,nominal,Southern_Africa
-6.1646,12.33065,1.66,2026-05-15,nominal,Southern_Africa
-6.21207,12.39685,0.71,2026-05-15,nominal,Southern_Africa
-6.21573,12.39628,0.72,2026-05-15,nominal,Southern_Africa
-6.06905,11.35811,3.41,2026-05-15,nominal,Southern_Africa
-6.07254,11.35758,3.41,2026-05-15,nominal,Southern_Africa
-6.07052,11.35875,6.83,2026-05-15,nominal,Southern_Africa
-6.13892,11.03119,1.73,2026-05-15,nominal,Southern_Africa
-5.11447,20.87214,3.71,2026-05-15,nominal,Southern_Africa
-5.11514,20.87673,1.96,2026-05-15,nominal,Southern_Africa
-5.11243,20.87616,2.09,2026-05-15,nominal,Southern_Africa
-5.11181,20.87164,2.09,2026-05-15,nominal,Southern_Africa
-4.53223,15.19537,0.38,2026-05-15,nominal,Southern_Africa
-4.24616,10.81835,1.36,2026-05-15,nominal,Southern_Africa
-4.41686,11.03539,0.77,2026-05-15,nominal,Southern_Africa
-4.51696,11.52225,1.53,2026-05-15,nominal,Southern_Africa
-4.51754,11.52601,1.64,2026-05-15,nominal,Southern_Africa
-4.5185,11.41856,0.53,2026-05-15,nominal,Southern_Africa
-4.52194,11.41803,5.22,2026-05-15,nominal,Southern_Africa
-4.8535,12.01985,0.92,2026-05-15,nominal,Southern_Africa
-4.85643,12.01539,1.01,2026-05-15,nominal,Southern_Africa
-4.85704,12.01929,0.92,2026-05-15,nominal,Southern_Africa
-4.85765,12.02323,0.92,2026-05-15,nominal,Southern_Africa
-4.85827,12.0272,1.16,2026-05-15,nominal,Southern_Africa
-4.86057,12.01874,2.47,2026-05-15,nominal,Southern_Africa
-4.85996,12.01483,1.25,2026-05-15,nominal,Southern_Africa
-4.86119,12.02267,2.47,2026-05-15,nominal,Southern_Africa
-4.86181,12.02663,1.0,2026-05-15,nominal,Southern_Africa
-4.8635,12.01429,1.25,2026-05-15,nominal,Southern_Africa
-4.86411,12.01819,2.47,2026-05-15,nominal,Southern_Africa
-4.86472,12.02212,2.47,2026-05-15,nominal,Southern_Africa
-4.86534,12.02608,1.0,2026-05-15,nominal,Southern_Africa
-4.86764,12.01764,0.78,2026-05-15,nominal,Southern_Africa
-4.86826,12.02157,0.78,2026-05-15,nominal,Southern_Africa
-4.93266,12.08938,0.55,2026-05-15,nominal,Southern_Africa
-4.93328,12.09338,0.55,2026-05-15,nominal,Southern_Africa
-4.93622,12.08883,0.65,2026-05-15,nominal,Southern_Africa
-4.93683,12.09284,0.65,2026-05-15,nominal,Southern_Africa
-5.20337,11.69787,0.89,2026-05-15,nominal,Southern_Africa
-5.20396,11.70173,0.89,2026-05-15,nominal,Southern_Africa
-5.27344,11.56577,1.04,2026-05-15,nominal,Southern_Africa
-5.48871,11.51407,0.49,2026-05-15,nominal,Southern_Africa
-5.6561,11.80753,5.5,2026-05-15,nominal,Southern_Africa
-15.19748,16.14655,0.72,2026-05-15,nominal,Southern_Africa
-19.42638,15.34417,1.68,2026-05-15,nominal,Southern_Africa
-19.43165,15.34326,0.94,2026-05-15,nominal,Southern_Africa
-19.43201,15.34664,0.94,2026-05-15,nominal,Southern_Africa
-19.44145,15.38416,0.78,2026-05-15,nominal,Southern_Africa
-19.44184,15.38769,0.78,2026-05-15,nominal,Southern_Africa
-19.47401,15.38658,0.83,2026-05-15,nominal,Southern_Africa
-19.47263,15.38743,0.64,2026-05-15,nominal,Southern_Africa
-19.47686,15.37631,0.85,2026-05-15,nominal,Southern_Africa
-19.41606,14.56138,0.24,2026-05-15,nominal,Southern_Africa
-20.26561,17.87761,0.29,2026-05-15,nominal,Southern_Africa
-20.20087,16.05392,0.26,2026-05-15,nominal,Southern_Africa
-32.93919,18.75752,1.34,2026-05-15,nominal,Southern_Africa
50.14864,39.68391,0.57,2026-05-15,nominal,Russia_Asia
50.61266,36.60328,0.28,2026-05-15,nominal,Russia_Asia
50.54381,26.26022,1.03,2026-05-15,nominal,Russia_Asia
48.79394,44.82612,1.38,2026-05-15,nominal,Russia_Asia
48.79036,44.82811,1.79,2026-05-15,nominal,Russia_Asia
53.46151,41.65524,0.82,2026-05-15,nominal,Russia_Asia
53.21401,46.55542,0.38,2026-05-15,nominal,Russia_Asia
52.28077,50.87254,1.25,2026-05-15,nominal,Russia_Asia
56.09418,44.17908,0.68,2026-05-15,nominal,Russia_Asia
59.12971,37.78859,0.89,2026-05-15,nominal,Russia_Asia
59.1332,37.79166,0.89,2026-05-15,nominal,Russia_Asia
59.133,37.79012,2.36,2026-05-15,nominal,Russia_Asia
59.14434,37.84954,1.67,2026-05-15,nominal,Russia_Asia
59.14818,37.8331,0.87,2026-05-15,nominal,Russia_Asia
59.14782,37.85263,0.81,2026-05-15,nominal,Russia_Asia
59.14938,37.86394,3.68,2026-05-15,nominal,Russia_Asia
59.14746,37.87218,3.68,2026-05-15,nominal,Russia_Asia
61.06366,28.2402,0.51,2026-05-15,nominal,Russia_Asia
51.10934,40.65645,0.56,2026-05-15,nominal,Russia_Asia
47.87412,33.43747,2.29,2026-05-15,nominal,Russia_Asia
47.86842,33.44115,2.29,2026-05-15,nominal,Russia_Asia
47.8692,33.44178,3.66,2026-05-15,nominal,Russia_Asia
47.8797,33.39948,1.11,2026-05-15,nominal,Russia_Asia
48.74794,26.60649,0.51,2026-05-15,nominal,Russia_Asia
47.17356,31.75584,0.78,2026-05-15,nominal,Russia_Asia
47.78969,28.95208,1.06,2026-05-15,nominal,Russia_Asia
46.67686,32.67202,0.84,2026-05-15,nominal,Russia_Asia
46.54644,32.56878,1.08,2026-05-15,nominal,Russia_Asia
45.37441,30.92897,1.93,2026-05-15,nominal,Russia_Asia
45.35798,30.90357,1.17,2026-05-15,nominal,Russia_Asia
45.35394,30.90165,1.17,2026-05-15,nominal,Russia_Asia
41.26607,31.42383,1.44,2026-05-15,nominal,Russia_Asia
41.26148,31.4218,1.44,2026-05-15,nominal,Russia_Asia
41.26583,31.42414,1.57,2026-05-15,nominal,Russia_Asia
41.26125,31.4221,1.57,2026-05-15,nominal,Russia_Asia
41.25372,31.41141,1.16,2026-05-15,nominal,Russia_Asia
52.55542,39.59218,1.42,2026-05-15,nominal,Russia_Asia
52.54319,39.63367,2.47,2026-05-15,nominal,Russia_Asia
52.55575,39.57228,5.53,2026-05-15,nominal,Russia_Asia
52.54357,39.61361,1.24,2026-05-15,nominal,Russia_Asia
52.53419,39.62656,3.74,2026-05-15,nominal,Russia_Asia
52.55128,39.5687,5.53,2026-05-15,nominal,Russia_Asia
52.53907,39.61006,1.24,2026-05-15,nominal,Russia_Asia
52.53175,39.63481,3.74,2026-05-15,nominal,Russia_Asia
52.52932,39.64302,0.66,2026-05-15,nominal,Russia_Asia
52.557,39.61771,6.0,2026-05-15,nominal,Russia_Asia
52.56179,39.60109,2.49,2026-05-15,nominal,Russia_Asia
52.54978,39.6427,2.42,2026-05-15,nominal,Russia_Asia
52.55731,39.59751,2.49,2026-05-15,nominal,Russia_Asia
52.54527,39.63916,2.42,2026-05-15,nominal,Russia_Asia
52.55992,39.56937,6.68,2026-05-15,nominal,Russia_Asia
52.55758,39.57749,6.26,2026-05-15,nominal,Russia_Asia
52.54559,39.61896,1.64,2026-05-15,nominal,Russia_Asia
52.54108,39.61543,1.64,2026-05-15,nominal,Russia_Asia
52.53628,39.63202,3.9,2026-05-15,nominal,Russia_Asia
52.54863,39.57028,1.12,2026-05-15,nominal,Russia_Asia
52.5318,39.6284,4.57,2026-05-15,nominal,Russia_Asia
52.5294,39.63667,2.39,2026-05-15,nominal,Russia_Asia
52.90507,40.42568,0.76,2026-05-15,nominal,Russia_Asia
55.48577,28.59922,2.29,2026-05-15,nominal,Russia_Asia
52.55953,39.61584,2.78,2026-05-15,nominal,Russia_Asia
52.55503,39.61231,2.0,2026-05-15,nominal,Russia_Asia
52.55991,39.59575,1.42,2026-05-15,nominal,Russia_Asia
52.55748,39.60401,2.0,2026-05-15,nominal,Russia_Asia
52.54769,39.63721,2.47,2026-05-15,nominal,Russia_Asia
52.56022,39.57588,1.66,2026-05-15,nominal,Russia_Asia
38.74199,26.95196,0.94,2026-05-15,nominal,Russia_Asia
38.73902,26.94603,1.72,2026-05-15,nominal,Russia_Asia
38.73795,26.93131,0.99,2026-05-15,nominal,Russia_Asia
38.73509,26.94453,1.72,2026-05-15,nominal,Russia_Asia
38.45289,27.26377,0.88,2026-05-15,nominal,Russia_Asia
38.42564,27.24911,0.83,2026-05-15,nominal,Russia_Asia
37.25201,30.44062,1.43,2026-05-15,nominal,Russia_Asia
37.36951,27.27853,0.51,2026-05-15,nominal,Russia_Asia
38.74297,26.94744,0.94,2026-05-15,nominal,Russia_Asia
38.74691,26.94889,0.94,2026-05-15,nominal,Russia_Asia
38.75277,26.94141,0.46,2026-05-15,nominal,Russia_Asia
38.75373,26.93694,0.73,2026-05-15,nominal,Russia_Asia
39.09086,27.51305,0.81,2026-05-15,nominal,Russia_Asia
39.86604,26.24537,2.92,2026-05-15,nominal,Russia_Asia
39.60693,27.88023,0.52,2026-05-15,nominal,Russia_Asia
39.89986,28.87068,0.84,2026-05-15,nominal,Russia_Asia
40.78364,29.53337,0.69,2026-05-15,nominal,Russia_Asia
41.01948,28.55373,0.78,2026-05-15,nominal,Russia_Asia
40.78091,29.60414,0.82,2026-05-15,nominal,Russia_Asia
40.75817,29.7597,2.2,2026-05-15,nominal,Russia_Asia
41.79662,26.70433,0.62,2026-05-15,nominal,Russia_Asia
28.33702,30.60885,0.47,2026-05-15,nominal,Russia_Asia
37.36951,27.27853,0.51,2026-05-15,nominal,Northern_and_Central_Africa
37.25201,30.44062,1.43,2026-05-15,nominal,Northern_and_Central_Africa
29.03802,20.78671,8.46,2026-05-15,nominal,Northern_and_Central_Africa
29.23116,19.69676,22.36,2026-05-15,nominal,Northern_and_Central_Africa
29.22776,19.69598,0.86,2026-05-15,nominal,Northern_and_Central_Africa
28.69676,22.37271,2.92,2026-05-15,nominal,Northern_and_Central_Africa
28.69293,22.37174,2.92,2026-05-15,nominal,Northern_and_Central_Africa
28.69188,22.37717,3.09,2026-05-15,nominal,Northern_and_Central_Africa
29.44447,17.9688,1.57,2026-05-15,nominal,Northern_and_Central_Africa
29.44117,17.96811,1.57,2026-05-15,nominal,Northern_and_Central_Africa
28.86968,21.22276,2.45,2026-05-15,nominal,Northern_and_Central_Africa
28.91369,20.96698,0.28,2026-05-15,nominal,Northern_and_Central_Africa
28.91012,20.96612,2.46,2026-05-15,nominal,Northern_and_Central_Africa
28.90472,20.9551,1.29,2026-05-15,nominal,Northern_and_Central_Africa
28.89942,20.96355,0.51,2026-05-15,nominal,Northern_and_Central_Africa
28.82802,21.32325,3.56,2026-05-15,nominal,Northern_and_Central_Africa
28.89228,20.96185,10.28,2026-05-15,nominal,Northern_and_Central_Africa
28.89315,20.95719,10.28,2026-05-15,nominal,Northern_and_Central_Africa
28.88872,20.96099,1.69,2026-05-15,nominal,Northern_and_Central_Africa
29.90622,19.81647,2.93,2026-05-15,nominal,Northern_and_Central_Africa
29.90695,19.81226,2.93,2026-05-15,nominal,Northern_and_Central_Africa
29.90549,19.82068,0.31,2026-05-15,nominal,Northern_and_Central_Africa
29.90283,19.81569,0.59,2026-05-15,nominal,Northern_and_Central_Africa
31.0533,8.03175,1.72,2026-05-15,nominal,Northern_and_Central_Africa
29.21583,21.64174,0.72,2026-05-15,nominal,Northern_and_Central_Africa
29.90888,19.82146,0.31,2026-05-15,nominal,Northern_and_Central_Africa
29.21488,21.64669,0.94,2026-05-15,nominal,Northern_and_Central_Africa
29.18917,21.42833,2.32,2026-05-15,nominal,Northern_and_Central_Africa
36.68182,3.12089,2.28,2026-05-15,nominal,Northern_and_Central_Africa
36.67815,3.11639,0.92,2026-05-15,nominal,Northern_and_Central_Africa
29.78804,17.55677,0.5,2026-05-15,nominal,Northern_and_Central_Africa
29.82316,17.29168,0.76,2026-05-15,nominal,Northern_and_Central_Africa
28.8205,22.25849,2.48,2026-05-15,nominal,Northern_and_Central_Africa
28.83374,22.12851,0.57,2026-05-15,nominal,Northern_and_Central_Africa
28.92554,21.50714,0.5,2026-05-15,nominal,Northern_and_Central_Africa
29.05655,20.78634,4.21,2026-05-15,nominal,Northern_and_Central_Africa
30.41096,19.57868,1.04,2026-05-15,nominal,Northern_and_Central_Africa
29.91035,19.81304,2.93,2026-05-15,nominal,Northern_and_Central_Africa
29.90961,19.81725,2.93,2026-05-15,nominal,Northern_and_Central_Africa
29.0424,20.78297,0.49,2026-05-15,nominal,Northern_and_Central_Africa
28.33702,30.60885,0.47,2026-05-15,nominal,Northern_and_Central_Africa
29.04156,20.78754,0.73,2026-05-15,nominal,Northern_and_Central_Africa
29.7017,6.71272,1.48,2026-05-15,nominal,Northern_and_Central_Africa
27.57266,22.3424,0.55,2026-05-15,nominal,Northern_and_Central_Africa
28.10285,19.25288,0.73,2026-05-15,nominal,Northern_and_Central_Africa
27.98401,19.90239,7.89,2026-05-15,nominal,Northern_and_Central_Africa
28.09946,19.25212,0.61,2026-05-15,nominal,Northern_and_Central_Africa
27.98323,19.90671,2.96,2026-05-15,nominal,Northern_and_Central_Africa
28.12979,18.79044,1.3,2026-05-15,nominal,Northern_and_Central_Africa
28.23543,18.09646,0.59,2026-05-15,nominal,Northern_and_Central_Africa
27.5967,21.61763,1.1,2026-05-15,nominal,Northern_and_Central_Africa
29.10968,9.66565,0.84,2026-05-15,nominal,Northern_and_Central_Africa
28.97507,10.03849,0.75,2026-05-15,nominal,Northern_and_Central_Africa
28.92196,9.74216,2.14,2026-05-15,nominal,Northern_and_Central_Africa
28.92143,9.74745,1.39,2026-05-15,nominal,Northern_and_Central_Africa
28.91685,9.74684,1.39,2026-05-15,nominal,Northern_and_Central_Africa
28.91229,9.74623,9.92,2026-05-15,nominal,Northern_and_Central_Africa
28.86569,9.935,0.4,2026-05-15,nominal,Northern_and_Central_Africa
28.82148,9.90696,1.39,2026-05-15,nominal,Northern_and_Central_Africa
28.7372,9.78558,0.79,2026-05-15,nominal,Northern_and_Central_Africa
28.7367,9.79079,0.5,2026-05-15,nominal,Northern_and_Central_Africa
28.73669,9.78832,1.39,2026-05-15,nominal,Northern_and_Central_Africa
28.73428,9.15317,1.71,2026-05-15,nominal,Northern_and_Central_Africa
28.63614,9.78018,1.15,2026-05-15,nominal,Northern_and_Central_Africa
28.63564,9.78537,1.15,2026-05-15,nominal,Northern_and_Central_Africa
28.63109,9.78476,1.29,2026-05-15,nominal,Northern_and_Central_Africa
28.63555,9.77862,1.03,2026-05-15,nominal,Northern_and_Central_Africa
28.63501,9.7838,3.07,2026-05-15,nominal,Northern_and_Central_Africa
28.68466,7.19056,1.59,2026-05-15,nominal,Northern_and_Central_Africa
28.68435,7.19436,1.59,2026-05-15,nominal,Northern_and_Central_Africa
28.60032,7.25774,1.04,2026-05-15,nominal,Northern_and_Central_Africa
27.92717,9.24857,1.09,2026-05-15,nominal,Northern_and_Central_Africa
27.92251,9.24803,1.09,2026-05-15,nominal,Northern_and_Central_Africa
27.87498,9.25162,4.89,2026-05-15,nominal,Northern_and_Central_Africa
27.93409,8.37239,1.93,2026-05-15,nominal,Northern_and_Central_Africa
27.92916,8.37179,1.93,2026-05-15,nominal,Northern_and_Central_Africa
27.93244,8.37159,2.9,2026-05-15,nominal,Northern_and_Central_Africa
27.72749,9.87704,1.54,2026-05-15,nominal,Northern_and_Central_Africa
27.73803,9.17636,0.82,2026-05-15,nominal,Northern_and_Central_Africa
27.7375,9.18185,0.82,2026-05-15,nominal,Northern_and_Central_Africa
27.73283,9.18123,1.55,2026-05-15,nominal,Northern_and_Central_Africa
27.73554,9.18095,1.57,2026-05-15,nominal,Northern_and_Central_Africa
27.70338,9.17174,1.29,2026-05-15,nominal,Northern_and_Central_Africa
27.5273,9.62347,0.78,2026-05-15,nominal,Northern_and_Central_Africa
26.75668,12.4119,9.9,2026-05-15,nominal,Northern_and_Central_Africa
26.70194,12.4544,1.83,2026-05-15,nominal,Northern_and_Central_Africa
26.7026,12.44928,1.83,2026-05-15,nominal,Northern_and_Central_Africa
26.69882,12.44868,1.83,2026-05-15,nominal,Northern_and_Central_Africa
26.69816,12.45381,1.83,2026-05-15,nominal,Northern_and_Central_Africa
26.57859,12.21091,4.36,2026-05-15,nominal,Northern_and_Central_Africa
26.43252,11.84833,0.58,2026-05-15,nominal,Northern_and_Central_Africa
26.03223,11.97557,1.62,2026-05-15,nominal,Northern_and_Central_Africa
26.03031,11.97898,0.96,2026-05-15,nominal,Northern_and_Central_Africa
27.11788,14.38647,0.27,2026-05-15,nominal,Northern_and_Central_Africa
28.81631,21.28508,3.59,2026-05-15,nominal,Northern_and_Central_Africa
28.81268,21.2842,2.27,2026-05-15,nominal,Northern_and_Central_Africa
28.81384,21.28275,5.65,2026-05-15,nominal,Northern_and_Central_Africa
28.7722,21.42498,1.55,2026-05-15,nominal,Northern_and_Central_Africa
28.71368,21.45171,0.91,2026-05-15,nominal,Northern_and_Central_Africa
28.71002,21.45081,2.98,2026-05-15,nominal,Northern_and_Central_Africa
28.70909,21.45572,1.74,2026-05-15,nominal,Northern_and_Central_Africa
28.71209,21.37965,1.69,2026-05-15,nominal,Northern_and_Central_Africa
28.68162,21.45928,3.12,2026-05-15,nominal,Northern_and_Central_Africa
29.07356,19.06138,9.93,2026-05-15,nominal,Northern_and_Central_Africa
29.07287,19.06544,9.93,2026-05-15,nominal,Northern_and_Central_Africa
29.0702,19.06063,9.93,2026-05-15,nominal,Northern_and_Central_Africa
28.91147,19.77456,5.36,2026-05-15,nominal,Northern_and_Central_Africa
28.90882,19.76948,8.46,2026-05-15,nominal,Northern_and_Central_Africa
28.90805,19.77377,45.23,2026-05-15,nominal,Northern_and_Central_Africa
30.3888,7.90523,0.47,2026-05-15,nominal,Northern_and_Central_Africa
28.37339,21.9411,1.32,2026-05-15,nominal,Northern_and_Central_Africa
28.97506,17.46674,0.12,2026-05-15,nominal,Northern_and_Central_Africa
28.03162,22.29453,0.86,2026-05-15,nominal,Northern_and_Central_Africa
27.98932,22.32429,0.73,2026-05-15,nominal,Northern_and_Central_Africa
27.98545,22.32333,10.1,2026-05-15,nominal,Northern_and_Central_Africa
27.94514,22.38285,1.34,2026-05-15,nominal,Northern_and_Central_Africa
28.82533,17.38576,0.59,2026-05-15,nominal,Northern_and_Central_Africa
27.94611,22.38205,1.34,2026-05-15,nominal,Northern_and_Central_Africa
28.15834,21.22322,0.7,2026-05-15,nominal,Northern_and_Central_Africa
28.45362,19.52144,0.75,2026-05-15,nominal,Northern_and_Central_Africa
27.81415,22.43444,3.5,2026-05-15,nominal,Northern_and_Central_Africa
27.81026,22.43346,1.8,2026-05-15,nominal,Northern_and_Central_Africa
28.20738,19.9132,1.18,2026-05-15,nominal,Northern_and_Central_Africa
28.58309,17.32977,2.6,2026-05-15,nominal,Northern_and_Central_Africa
28.57979,17.3291,2.6,2026-05-15,nominal,Northern_and_Central_Africa
27.6547,22.48218,0.73,2026-05-15,nominal,Northern_and_Central_Africa
27.64629,22.50383,5.3,2026-05-15,nominal,Northern_and_Central_Africa
27.64686,22.4802,8.04,2026-05-15,nominal,Northern_and_Central_Africa
27.64236,22.50286,5.3,2026-05-15,nominal,Northern_and_Central_Africa
27.64349,22.49718,4.37,2026-05-15,nominal,Northern_and_Central_Africa
28.05827,19.91025,0.92,2026-05-15,nominal,Northern_and_Central_Africa
28.05481,19.90946,9.72,2026-05-15,nominal,Northern_and_Central_Africa
28.05404,19.91381,3.63,2026-05-15,nominal,Northern_and_Central_Africa
27.58113,22.40341,14.09,2026-05-15,nominal,Northern_and_Central_Africa
29.70201,6.70854,1.48,2026-05-15,nominal,Northern_and_Central_Africa
13.12207,25.34695,1.1,2026-05-15,nominal,Northern_and_Central_Africa
14.1332,23.01252,0.39,2026-05-15,nominal,Northern_and_Central_Africa
13.5524,24.36802,3.26,2026-05-15,nominal,Northern_and_Central_Africa
13.54662,24.36678,3.26,2026-05-15,nominal,Northern_and_Central_Africa
13.11589,25.3456,1.1,2026-05-15,nominal,Northern_and_Central_Africa
15.56949,11.31631,2.37,2026-05-15,nominal,Northern_and_Central_Africa
15.57009,11.31222,1.31,2026-05-15,nominal,Northern_and_Central_Africa
15.56595,11.31575,2.37,2026-05-15,nominal,Northern_and_Central_Africa
15.56293,11.33624,1.54,2026-05-15,nominal,Northern_and_Central_Africa
15.56172,11.34442,1.86,2026-05-15,nominal,Northern_and_Central_Africa
15.56111,11.34851,1.28,2026-05-15,nominal,Northern_and_Central_Africa
15.56077,11.27722,1.44,2026-05-15,nominal,Northern_and_Central_Africa
13.46856,22.20676,1.0,2026-05-15,nominal,Northern_and_Central_Africa
14.92105,1.92636,1.5,2026-05-15,nominal,Northern_and_Central_Africa
14.91522,1.92054,4.44,2026-05-15,nominal,Northern_and_Central_Africa
14.91469,1.92569,1.5,2026-05-15,nominal,Northern_and_Central_Africa
14.91901,1.92589,2.08,2026-05-15,nominal,Northern_and_Central_Africa
14.91321,1.92008,2.08,2026-05-15,nominal,Northern_and_Central_Africa
14.91265,1.92522,2.08,2026-05-15,nominal,Northern_and_Central_Africa
13.27931,13.8687,1.09,2026-05-15,nominal,Northern_and_Central_Africa
13.27874,13.87223,1.78,2026-05-15,nominal,Northern_and_Central_Africa
12.37753,18.49741,1.28,2026-05-15,nominal,Northern_and_Central_Africa
11.36414,23.48227,5.95,2026-05-15,nominal,Northern_and_Central_Africa
11.35841,23.48128,1.75,2026-05-15,nominal,Northern_and_Central_Africa
12.94138,14.44884,2.81,2026-05-15,nominal,Northern_and_Central_Africa
12.89151,14.14996,8.03,2026-05-15,nominal,Northern_and_Central_Africa
12.88819,14.1494,8.03,2026-05-15,nominal,Northern_and_Central_Africa
12.88761,14.15296,8.03,2026-05-15,nominal,Northern_and_Central_Africa
12.88429,14.1524,29.68,2026-05-15,nominal,Northern_and_Central_Africa
12.26542,17.01766,0.7,2026-05-15,nominal,Northern_and_Central_Africa
12.75721,14.01865,1.71,2026-05-15,nominal,Northern_and_Central_Africa
12.75389,14.0181,1.71,2026-05-15,nominal,Northern_and_Central_Africa
12.75332,14.02165,1.71,2026-05-15,nominal,Northern_and_Central_Africa
11.23994,21.63399,1.47,2026-05-15,nominal,Northern_and_Central_Africa
11.23487,21.633,1.47,2026-05-15,nominal,Northern_and_Central_Africa
11.23684,21.63284,3.12,2026-05-15,nominal,Northern_and_Central_Africa
12.29513,13.39211,0.52,2026-05-15,nominal,Northern_and_Central_Africa
12.36141,12.32158,0.54,2026-05-15,nominal,Northern_and_Central_Africa
11.97566,14.74348,0.51,2026-05-15,nominal,Northern_and_Central_Africa
10.67548,22.04377,0.86,2026-05-15,nominal,Northern_and_Central_Africa
12.32083,12.45079,1.34,2026-05-15,nominal,Northern_and_Central_Africa
13.42022,14.91964,2.26,2026-05-15,nominal,Northern_and_Central_Africa
14.46213,9.63018,0.43,2026-05-15,nominal,Northern_and_Central_Africa
12.50279,23.68868,0.96,2026-05-15,nominal,Northern_and_Central_Africa
12.50358,23.6847,0.96,2026-05-15,nominal,Northern_and_Central_Africa
10.61263,20.97822,5.88,2026-05-15,nominal,Northern_and_Central_Africa
12.0586,12.52534,4.47,2026-05-15,nominal,Northern_and_Central_Africa
12.05805,12.52889,6.64,2026-05-15,nominal,Northern_and_Central_Africa
10.61167,20.97747,7.24,2026-05-15,nominal,Northern_and_Central_Africa
10.41558,21.59214,4.66,2026-05-15,nominal,Northern_and_Central_Africa
10.415,21.59522,2.74,2026-05-15,nominal,Northern_and_Central_Africa
12.90432,4.87826,0.83,2026-05-15,nominal,Northern_and_Central_Africa
12.90682,4.88017,2.02,2026-05-15,nominal,Northern_and_Central_Africa
10.22119,21.59145,0.65,2026-05-15,nominal,Northern_and_Central_Africa
12.05007,7.14145,1.12,2026-05-15,nominal,Northern_and_Central_Africa
11.91431,7.68927,0.57,2026-05-15,nominal,Northern_and_Central_Africa
11.9459,6.99241,2.4,2026-05-15,nominal,Northern_and_Central_Africa
5.01743,6.2987,2.01,2026-05-15,nominal,Northern_and_Central_Africa
4.51812,7.75844,1.01,2026-05-15,nominal,Northern_and_Central_Africa
4.51437,7.75786,0.71,2026-05-15,nominal,Northern_and_Central_Africa
0.33014,11.46498,0.53,2026-05-15,nominal,Northern_and_Central_Africa
-0.75257,8.75296,2.56,2026-05-15,nominal,Northern_and_Central_Africa
-0.89099,8.6575,0.85,2026-05-15,nominal,Northern_and_Central_Africa
-1.32096,8.83858,1.25,2026-05-15,nominal,Northern_and_Central_Africa
-1.52431,9.95442,1.65,2026-05-15,nominal,Northern_and_Central_Africa
-1.58851,9.97265,1.28,2026-05-15,nominal,Northern_and_Central_Africa
-1.63761,9.88017,0.74,2026-05-15,nominal,Northern_and_Central_Africa
-1.57992,8.79429,1.01,2026-05-15,nominal,Northern_and_Central_Africa
-1.58049,8.79787,1.01,2026-05-15,nominal,Northern_and_Central_Africa
-1.77615,9.81182,0.64,2026-05-15,nominal,Northern_and_Central_Africa
-1.79981,9.89657,4.07,2026-05-15,nominal,Northern_and_Central_Africa
-1.80776,9.79625,2.54,2026-05-15,nominal,Northern_and_Central_Africa
-1.84831,10.00918,0.37,2026-05-15,nominal,Northern_and_Central_Africa
-1.95849,9.87538,2.77,2026-05-15,nominal,Northern_and_Central_Africa
-2.07293,9.80798,2.27,2026-05-15,nominal,Northern_and_Central_Africa
-2.07533,9.16274,0.69,2026-05-15,nominal,Northern_and_Central_Africa
-2.42463,9.86908,1.45,2026-05-15,nominal,Northern_and_Central_Africa
-2.77923,10.01479,1.44,2026-05-15,nominal,Northern_and_Central_Africa
-2.96036,11.03064,1.61,2026-05-15,nominal,Northern_and_Central_Africa
-2.86082,10.22868,1.49,2026-05-15,nominal,Northern_and_Central_Africa
-5.11447,20.87214,3.71,2026-05-15,nominal,Northern_and_Central_Africa
-5.11514,20.87673,1.96,2026-05-15,nominal,Northern_and_Central_Africa
-5.11243,20.87616,2.09,2026-05-15,nominal,Northern_and_Central_Africa
-5.11181,20.87164,2.09,2026-05-15,nominal,Northern_and_Central_Africa
-3.86242,10.94662,1.0,2026-05-15,nominal,Northern_and_Central_Africa
-4.53223,15.19537,0.38,2026-05-15,nominal,Northern_and_Central_Africa
-3.92775,10.92179,0.82,2026-05-15,nominal,Northern_and_Central_Africa
-3.95482,10.96162,0.43,2026-05-15,nominal,Northern_and_Central_Africa
-3.95542,10.96202,0.79,2026-05-15,nominal,Northern_and_Central_Africa
-4.24616,10.81835,1.36,2026-05-15,nominal,Northern_and_Central_Africa
-4.41686,11.03539,0.77,2026-05-15,nominal,Northern_and_Central_Africa
-4.51696,11.52225,1.53,2026-05-15,nominal,Northern_and_Central_Africa
-4.51754,11.52601,1.64,2026-05-15,nominal,Northern_and_Central_Africa
-4.5185,11.41856,0.53,2026-05-15,nominal,Northern_and_Central_Africa
-4.52194,11.41803,5.22,2026-05-15,nominal,Northern_and_Central_Africa
-4.8535,12.01985,0.92,2026-05-15,nominal,Northern_and_Central_Africa
-4.85643,12.01539,1.01,2026-05-15,nominal,Northern_and_Central_Africa
-4.85704,12.01929,0.92,2026-05-15,nominal,Northern_and_Central_Africa
-4.85765,12.02323,0.92,2026-05-15,nominal,Northern_and_Central_Africa
-4.85827,12.0272,1.16,2026-05-15,nominal,Northern_and_Central_Africa
-4.86057,12.01874,2.47,2026-05-15,nominal,Northern_and_Central_Africa
-4.85996,12.01483,1.25,2026-05-15,nominal,Northern_and_Central_Africa
-4.86119,12.02267,2.47,2026-05-15,nominal,Northern_and_Central_Africa
-4.86181,12.02663,1.0,2026-05-15,nominal,Northern_and_Central_Africa
-4.8635,12.01429,1.25,2026-05-15,nominal,Northern_and_Central_Africa
-4.86411,12.01819,2.47,2026-05-15,nominal,Northern_and_Central_Africa
-4.86472,12.02212,2.47,2026-05-15,nominal,Northern_and_Central_Africa
-4.86534,12.02608,1.0,2026-05-15,nominal,Northern_and_Central_Africa
-4.86764,12.01764,0.78,2026-05-15,nominal,Northern_and_Central_Africa
-4.86826,12.02157,0.78,2026-05-15,nominal,Northern_and_Central_Africa
-4.93266,12.08938,0.55,2026-05-15,nominal,Northern_and_Central_Africa
-4.93328,12.09338,0.55,2026-05-15,nominal,Northern_and_Central_Africa
-4.93622,12.08883,0.65,2026-05-15,nominal,Northern_and_Central_Africa
-4.93683,12.09284,0.65,2026-05-15,nominal,Northern_and_Central_Africa
-5.20337,11.69787,0.89,2026-05-15,nominal,Northern_and_Central_Africa
-5.20396,11.70173,0.89,2026-05-15,nominal,Northern_and_Central_Africa
-5.27344,11.56577,1.04,2026-05-15,nominal,Northern_and_Central_Africa
-5.48871,11.51407,0.49,2026-05-15,nominal,Northern_and_Central_Africa
-5.6561,11.80753,5.5,2026-05-15,nominal,Northern_and_Central_Africa
-5.65671,11.81147,5.5,2026-05-15,nominal,Northern_and_Central_Africa
-6.11663,12.33371,0.79,2026-05-15,nominal,Northern_and_Central_Africa
-6.11726,12.33793,0.79,2026-05-15,nominal,Northern_and_Central_Africa
-6.1209,12.33737,0.79,2026-05-15,nominal,Northern_and_Central_Africa
-6.12153,12.34159,1.25,2026-05-15,nominal,Northern_and_Central_Africa
-6.16396,12.32644,1.66,2026-05-15,nominal,Northern_and_Central_Africa
-6.1646,12.33065,1.66,2026-05-15,nominal,Northern_and_Central_Africa
-6.21207,12.39685,0.71,2026-05-15,nominal,Northern_and_Central_Africa
-6.21573,12.39628,0.72,2026-05-15,nominal,Northern_and_Central_Africa
-6.06905,11.35811,3.41,2026-05-15,nominal,Northern_and_Central_Africa
-6.07254,11.35758,3.41,2026-05-15,nominal,Northern_and_Central_Africa
-6.07052,11.35875,6.83,2026-05-15,nominal,Northern_and_Central_Africa
-6.13892,11.03119,1.73,2026-05-15,nominal,Northern_and_Central_Africa
-6.14236,11.03066,1.81,2026-05-15,nominal,Northern_and_Central_Africa
64.64674,24.42244,1.7,2026-05-15,nominal,Europe
65.55943,22.21993,2.36,2026-05-15,nominal,Europe
65.56007,22.21131,2.36,2026-05-15,nominal,Europe
65.56287,22.23027,2.89,2026-05-15,nominal,Europe
65.56413,22.21313,2.36,2026-05-15,nominal,Europe
65.56349,22.2217,2.36,2026-05-15,nominal,Europe
65.76526,24.18498,3.31,2026-05-15,nominal,Europe
65.7691,24.18699,3.31,2026-05-15,nominal,Europe
66.3098,14.17762,0.8,2026-05-15,nominal,Europe
52.15718,10.40607,2.44,2026-05-15,nominal,Europe
52.15735,10.40031,2.44,2026-05-15,nominal,Europe
52.15184,10.39993,2.44,2026-05-15,nominal,Europe
52.15168,10.40567,2.44,2026-05-15,nominal,Europe
50.54381,26.26022,1.03,2026-05-15,nominal,Europe
50.92911,21.67648,1.13,2026-05-15,nominal,Europe
53.25829,24.44975,0.84,2026-05-15,nominal,Europe
53.52442,9.89982,1.16,2026-05-15,nominal,Europe
53.52295,9.90143,1.79,2026-05-15,nominal,Europe
53.14233,8.67401,1.01,2026-05-15,nominal,Europe
52.40029,12.49776,2.11,2026-05-15,nominal,Europe
53.13044,8.67358,1.65,2026-05-15,nominal,Europe
53.14009,8.67738,1.94,2026-05-15,nominal,Europe
53.13416,8.67718,1.94,2026-05-15,nominal,Europe
53.13398,8.6914,1.73,2026-05-15,nominal,Europe
53.26986,24.44209,0.71,2026-05-15,nominal,Europe
57.71113,18.80616,1.18,2026-05-15,nominal,Europe
61.06366,28.2402,0.51,2026-05-15,nominal,Europe
63.31537,9.14553,0.79,2026-05-15,nominal,Europe
64.66252,21.28299,12.69,2026-05-15,nominal,Europe
64.66345,21.28062,11.14,2026-05-15,nominal,Europe
53.13639,8.67379,1.65,2026-05-15,nominal,Europe
52.40198,12.49991,1.23,2026-05-15,nominal,Europe
52.17358,14.61457,1.11,2026-05-15,nominal,Europe
52.16713,10.42996,0.43,2026-05-15,nominal,Europe
52.16193,10.41797,1.14,2026-05-15,nominal,Europe
52.1567,10.40601,4.26,2026-05-15,nominal,Europe
52.15685,10.40024,4.23,2026-05-15,nominal,Europe
52.1675,10.42999,1.25,2026-05-15,nominal,Europe
52.16235,10.41801,1.26,2026-05-15,nominal,Europe
45.35798,30.90357,1.17,2026-05-15,nominal,Europe
45.35394,30.90165,1.17,2026-05-15,nominal,Europe
45.94961,25.28224,0.82,2026-05-15,nominal,Europe
45.2915,25.1101,0.87,2026-05-15,nominal,Europe
45.12183,25.41937,1.58,2026-05-15,nominal,Europe
45.20728,19.70644,0.64,2026-05-15,nominal,Europe
44.59804,20.97736,1.13,2026-05-15,nominal,Europe
45.38255,11.94747,1.27,2026-05-15,nominal,Europe
45.46078,10.45467,6.0,2026-05-15,nominal,Europe
45.46055,10.45921,2.36,2026-05-15,nominal,Europe
45.42665,10.99824,0.75,2026-05-15,nominal,Europe
44.01139,19.88601,1.23,2026-05-15,nominal,Europe
41.26607,31.42383,1.44,2026-05-15,nominal,Europe
41.26148,31.4218,1.44,2026-05-15,nominal,Europe
41.26583,31.42414,1.57,2026-05-15,nominal,Europe
41.26125,31.4221,1.57,2026-05-15,nominal,Europe
41.25372,31.41141,1.16,2026-05-15,nominal,Europe
42.71696,24.17099,1.44,2026-05-15,nominal,Europe
42.71359,24.16994,2.16,2026-05-15,nominal,Europe
55.09299,21.80278,0.45,2026-05-15,nominal,Europe
51.10547,18.94205,1.57,2026-05-15,nominal,Europe
51.59595,8.33381,1.99,2026-05-15,nominal,Europe
51.49293,6.73806,2.3,2026-05-15,nominal,Europe
51.49215,6.73392,3.04,2026-05-15,nominal,Europe
51.37072,6.70047,2.55,2026-05-15,nominal,Europe
51.36437,6.70874,2.55,2026-05-15,nominal,Europe
51.36433,6.70055,2.55,2026-05-15,nominal,Europe
51.3696,6.70276,4.15,2026-05-15,nominal,Europe
51.36321,6.70284,4.15,2026-05-15,nominal,Europe
51.36321,6.71103,4.17,2026-05-15,nominal,Europe
51.29987,7.01118,1.41,2026-05-15,nominal,Europe
51.2979,7.00735,2.04,2026-05-15,nominal,Europe
49.91786,24.12696,4.73,2026-05-15,nominal,Europe
49.91704,24.13225,4.73,2026-05-15,nominal,Europe
51.1736,3.80469,6.37,2026-05-15,nominal,Europe
49.91377,24.13103,2.44,2026-05-15,nominal,Europe
51.16646,3.80507,6.37,2026-05-15,nominal,Europe
51.16676,3.81595,5.46,2026-05-15,nominal,Europe
51.17097,3.80503,3.15,2026-05-15,nominal,Europe
51.17122,3.81587,3.15,2026-05-15,nominal,Europe
51.16385,3.80536,3.15,2026-05-15,nominal,Europe
51.1641,3.81622,3.15,2026-05-15,nominal,Europe
47.87412,33.43747,2.29,2026-05-15,nominal,Europe
47.86842,33.44115,2.29,2026-05-15,nominal,Europe
47.8692,33.44178,3.66,2026-05-15,nominal,Europe
47.8797,33.39948,1.11,2026-05-15,nominal,Europe
48.74794,26.60649,0.51,2026-05-15,nominal,Europe
48.97624,24.70883,1.88,2026-05-15,nominal,Europe
47.17356,31.75584,0.78,2026-05-15,nominal,Europe
47.78969,28.95208,1.06,2026-05-15,nominal,Europe
46.67686,32.67202,0.84,2026-05-15,nominal,Europe
46.54644,32.56878,1.08,2026-05-15,nominal,Europe
48.61802,21.1828,0.57,2026-05-15,nominal,Europe
48.61241,21.19839,0.81,2026-05-15,nominal,Europe
48.60784,21.17968,5.46,2026-05-15,nominal,Europe
48.60636,21.19077,1.59,2026-05-15,nominal,Europe
48.60445,21.17864,1.87,2026-05-15,nominal,Europe
45.37441,30.92897,1.93,2026-05-15,nominal,Europe
56.31252,22.9161,0.63,2026-05-15,nominal,Europe
55.48577,28.59922,2.29,2026-05-15,nominal,Europe
57.06303,9.97505,1.9,2026-05-15,nominal,Europe
57.06298,9.97473,1.51,2026-05-15,nominal,Europe
38.75373,26.93694,0.73,2026-05-15,nominal,Europe
38.74691,26.94889,0.94,2026-05-15,nominal,Europe
38.74297,26.94744,0.94,2026-05-15,nominal,Europe
38.74199,26.95196,0.94,2026-05-15,nominal,Europe
38.73902,26.94603,1.72,2026-05-15,nominal,Europe
38.73795,26.93131,0.99,2026-05-15,nominal,Europe
38.73509,26.94453,1.72,2026-05-15,nominal,Europe
38.45289,27.26377,0.88,2026-05-15,nominal,Europe
38.42564,27.24911,0.83,2026-05-15,nominal,Europe
37.25201,30.44062,1.43,2026-05-15,nominal,Europe
37.36951,27.27853,0.51,2026-05-15,nominal,Europe
38.12804,23.52443,0.85,2026-05-15,nominal,Europe
38.7929,15.21282,0.87,2026-05-15,nominal,Europe
38.79375,15.20533,1.49,2026-05-15,nominal,Europe
39.08201,9.0178,2.09,2026-05-15,nominal,Europe
40.50161,17.21725,1.01,2026-05-15,nominal,Europe
38.75277,26.94141,0.46,2026-05-15,nominal,Europe
40.51715,17.20982,1.63,2026-05-15,nominal,Europe
40.52137,17.20531,0.75,2026-05-15,nominal,Europe
40.62677,17.99798,0.52,2026-05-15,nominal,Europe
40.63023,17.99876,0.52,2026-05-15,nominal,Europe
39.09086,27.51305,0.81,2026-05-15,nominal,Europe
39.86604,26.24537,2.92,2026-05-15,nominal,Europe
39.60693,27.88023,0.52,2026-05-15,nominal,Europe
39.89986,28.87068,0.84,2026-05-15,nominal,Europe
41.72357,22.13475,0.33,2026-05-15,nominal,Europe
42.14744,21.29821,0.59,2026-05-15,nominal,Europe
40.78364,29.53337,0.69,2026-05-15,nominal,Europe
41.01948,28.55373,0.78,2026-05-15,nominal,Europe
40.78091,29.60414,0.82,2026-05-15,nominal,Europe
40.75817,29.7597,2.2,2026-05-15,nominal,Europe
41.79662,26.70433,0.62,2026-05-15,nominal,Europe
40.50938,17.21353,1.33,2026-05-15,nominal,Europe
40.50293,17.20671,1.01,2026-05-15,nominal,Europe
36.67815,3.11639,0.92,2026-05-15,nominal,Europe
36.68182,3.12089,2.28,2026-05-15,nominal,Europe
-37.80685,175.44496,1.85,2026-05-15,nominal,Australian_NewZealand
-37.66233,175.97081,1.86,2026-05-15,nominal,Australian_NewZealand
