lat_bin,lon_bin,fire_count,avg_frp
-44,144,661,16.84
-44,146,6381,19.25
-44,148,130,7.68
-42,142,10,7.06
-42,144,5248,11.83
-42,146,9458,10.39
-42,148,1870,12.87
-40,140,1536,9.3
-40,142,3903,12.64
-40,144,1652,7.0
-40,146,2670,10.08
-40,148,171,17.07
-38,136,269,54.6
-38,138,414,10.02
-38,140,15468,14.97
-38,142,29077,18.13
-38,144,14380,12.37
-38,146,38188,12.27
-38,148,76554,10.81
-38,150,1593,4.65
-36,114,6625,13.38
-36,116,17281,13.24
-36,118,3179,14.97
-36,120,36,20.34
-36,122,4,9.56
-36,134,1434,17.63
-36,136,4649,23.73
-36,138,3690,10.96
-36,140,2698,11.96
-36,142,6934,8.62
-36,144,11664,16.54
-36,146,35678,17.3
-36,148,41380,14.54
-36,150,20788,4.79
-34,-54,1847,10.84
-34,114,9736,7.0
-34,116,51387,9.33
-34,118,9267,14.58
-34,120,10123,16.06
-34,122,22072,22.15
-34,124,3863,35.48
-34,126,1,0.82
-34,132,126,11.79
-34,134,1594,20.04
-34,136,9580,3.64
-34,138,1601,10.69
-34,140,803,14.2
-34,142,2838,10.96
-34,144,5823,8.24
-34,146,22569,12.01
-34,148,14471,12.8
-34,150,13123,6.43
-34,152,1047,7.85
-32,-58,428,8.04
-32,-56,2624,7.3
-32,-54,11091,8.12
-32,-52,2481,6.29
-32,114,10636,26.3
-32,116,23807,9.64
-32,118,4186,11.49
-32,120,12800,14.7
-32,122,6447,18.92
-32,124,826,19.21
-32,126,8,1.3
-32,128,1,0.05
-32,130,615,14.71
-32,132,974,20.07
-32,134,163,18.48
-32,136,2834,4.86
-32,138,690,22.51
-32,140,66,56.9
-32,142,285,7.57
-32,144,2441,5.89
-32,146,13637,9.37
-32,148,16682,11.01
-32,150,16207,6.17
-32,152,11569,6.96
-30,-58,1691,8.01
-30,-56,5241,7.11
-30,-54,6422,5.22
-30,-52,28847,6.44
-30,-50,7328,5.98
-30,114,7796,15.33
-30,116,1510,7.39
-30,118,1035,21.99
-30,120,887,10.89
-30,122,1490,15.47
-30,124,2494,10.82
-30,126,2526,14.99
-30,128,7668,15.64
-30,130,2024,21.34
-30,132,171,9.51
-30,134,34,4.79
-30,136,13,5.32
-30,138,5,2.31
-30,140,455,3.99
-30,142,351,14.42
-30,144,185,6.24
-30,146,7596,6.42
-30,148,15907,6.6
-30,150,27490,8.41
-30,152,19843,5.64
-28,-56,404,5.24
-28,-54,7872,7.04
-28,-52,21963,9.96
-28,-50,6671,6.61
-28,32,15716,6.94
-28,112,12,4.49
-28,114,2565,20.09
-28,116,18,3.98
-28,118,163,15.84
-28,120,957,14.96
-28,122,1126,14.5
-28,124,2296,14.98
-28,126,717,11.87
-28,128,4254,11.29
-28,130,8915,15.23
-28,132,1269,13.37
-28,134,60,8.76
-28,136,271,3.65
-28,138,298,12.05
-28,140,1421,12.53
-28,142,334,7.02
-28,144,1293,6.69
-28,146,12685,10.03
-28,148,26380,7.59
-28,150,54645,7.96
-28,152,19301,5.75
-26,-56,1155,10.94
-26,-54,10267,8.67
-26,-52,17769,9.44
-26,-50,13359,8.12
-26,-48,320,3.78
-26,30,1797,8.01
-26,32,64364,8.5
-26,34,21846,6.72
-26,112,39,4.22
-26,114,10498,10.1
-26,116,89,10.97
-26,118,172,10.86
-26,120,270,15.38
-26,122,1750,15.26
-26,124,1896,11.77
-26,126,2961,18.15
-26,128,9251,15.61
-26,130,13334,10.52
-26,132,14370,9.74
-26,134,3148,8.94
-26,136,76,3.61
-26,138,819,9.41
-26,140,174,7.44
-26,142,698,5.47
-26,144,3695,7.02
-26,146,57913,8.59
-26,148,78236,7.3
-26,150,86734,7.03
-26,152,21900,7.8
-24,-68,32,10.51
-24,-66,4113,8.15
-24,-64,143,6.58
-24,-58,4756,8.63
-24,-56,10689,11.39
-24,-54,19547,12.47
-24,-52,11583,11.92
-24,-50,21024,10.61
-24,-48,34735,7.18
-24,-46,14624,5.85
-24,-44,27994,4.9
-24,-42,1950,4.1
-24,30,7481,7.73
-24,32,74562,8.46
-24,34,76741,9.02
-24,112,885,7.49
-24,114,5155,15.73
-24,116,11082,14.52
-24,118,6780,12.99
-24,120,6837,16.18
-24,122,6642,17.92
-24,124,4464,15.92
-24,126,12239,12.84
-24,128,7117,13.65
-24,130,37680,11.4
-24,132,45862,11.43
-24,134,24723,10.78
-24,136,1205,15.73
-24,138,498,11.06
-24,140,1056,10.13
-24,142,628,7.53
-24,144,10813,10.31
-24,146,37993,8.05
-24,148,35285,6.79
-24,150,31393,6.06
-22,-70,266,14.51
-22,-68,468,12.45
-22,-66,12514,11.04
-22,-64,18929,9.23
-22,-60,3133,18.85
-22,-58,81290,13.05
-22,-56,18457,10.25
-22,-54,6095,12.21
-22,-52,20211,19.75
-22,-50,42415,19.47
-22,-48,47211,13.11
-22,-46,28008,8.31
-22,-44,28878,5.72
-22,-42,28163,4.75
-22,30,645,8.02
-22,32,119890,8.15
-22,34,71040,8.25
-22,114,8302,4.39
-22,116,23037,12.23
-22,118,24479,15.88
-22,120,18180,15.88
-22,122,23496,14.26
-22,124,28890,16.81
-22,126,23588,13.87
-22,128,23601,16.97
-22,130,32069,17.73
-22,132,64475,12.22
-22,134,51719,13.44
-22,136,34187,21.72
-22,138,37268,10.47
-22,140,21461,12.08
-22,142,6500,10.88
-22,144,40829,8.8
-22,146,19185,7.75
-22,148,20737,6.44
-22,150,51,7.0
-20,-70,1050,12.96
-20,-68,2426,11.82
-20,-66,9697,10.02
-20,-64,57686,9.48
-20,-62,8866,16.2
-20,-60,54664,14.22
-20,-58,151195,16.85
-20,-56,22550,9.42
-20,-54,15632,15.51
-20,-52,13516,17.88
-20,-50,24009,19.68
-20,-48,27651,11.18
-20,-46,26692,8.12
-20,-44,36478,7.52
-20,-42,17104,8.09
-20,-40,5529,8.68
-20,20,195,10.52
-20,26,11,3.65
-20,32,203449,9.52
-20,34,262038,8.89
-20,36,60657,7.55
-20,118,6,8.22
-20,120,11136,14.63
-20,122,64913,13.84
-20,124,67509,13.34
-20,126,59778,13.51
-20,128,66599,12.94
-20,130,80994,13.71
-20,132,68522,11.38
-20,134,38064,11.43
-20,136,32559,10.64
-20,138,55151,10.05
-20,140,18101,10.7
-20,142,72229,8.67
-20,144,46674,8.18
-20,146,17064,7.93
-20,148,67,4.47
-18,-70,3735,9.99
-18,-68,15980,11.26
-18,-66,73222,10.54
-18,-64,115311,8.51
-18,-62,276830,9.43
-18,-60,318130,10.66
-18,-58,254041,15.09
-18,-56,48011,14.09
-18,-54,31681,12.21
-18,-52,21597,17.18
-18,-50,22417,10.94
-18,-48,27162,10.91
-18,-46,24610,10.88
-18,-44,22605,10.0
-18,-42,19063,10.49
-18,-40,7341,9.24
-18,10,7,1.16
-18,12,1641,6.93
-18,14,22696,11.5
-18,16,119081,10.92
-18,18,212168,12.41
-18,20,248754,13.5
-18,22,215220,9.57
-18,24,180126,9.22
-18,26,68493,7.21
-18,28,15199,5.64
-18,30,5008,5.82
-18,32,175739,10.13
-18,34,270799,8.61
-18,36,415888,8.44
-18,38,159333,9.42
-18,40,160,5.37
-18,122,78947,13.05
-18,124,119773,8.08
-18,126,117198,8.09
-18,128,73570,8.64
-18,130,66345,9.69
-18,132,46513,12.1
-18,134,48057,12.62
-18,136,122897,11.15
-18,138,32272,9.87
-18,140,15412,9.57
-18,142,80183,9.55
-18,144,69048,7.31
-18,146,40,6.46
-16,-70,13014,10.35
-16,-68,77786,11.15
-16,-66,168274,11.35
-16,-64,291703,9.16
-16,-62,247341,10.01
-16,-60,59152,11.92
-16,-58,62058,10.29
-16,-56,52973,12.09
-16,-54,70756,12.8
-16,-52,31320,12.08
-16,-50,43656,9.04
-16,-48,46202,9.26
-16,-46,41225,16.38
-16,-44,30448,13.0
-16,-42,39539,13.58
-16,-40,8813,7.7
-16,10,8,1.76
-16,12,13887,7.3
-16,14,157532,10.81
-16,16,308181,12.04
-16,18,183524,15.12
-16,20,222626,15.49
-16,22,233913,8.66
-16,24,275857,9.61
-16,26,228934,9.57
-16,28,210273,7.13
-16,30,176088,6.6
-16,32,207925,7.38
-16,34,66681,8.16
-16,36,299798,8.78
-16,38,293271,9.47
-16,40,92905,8.33
-16,124,72434,7.87
-16,126,140609,7.93
-16,128,90831,8.17
-16,130,169805,8.32
-16,132,101322,8.78
-16,134,90074,10.53
-16,136,19553,9.82
-16,140,23656,8.21
-16,142,102104,7.74
-16,144,67514,7.84
-14,-70,10181,11.45
-14,-68,88708,10.98
-14,-66,173446,12.12
-14,-64,109361,13.0
-14,-62,45020,12.21
-14,-60,31247,16.04
-14,-58,47516,13.21
-14,-56,59697,13.7
-14,-54,43222,14.04
-14,-52,72308,13.67
-14,-50,40246,7.4
-14,-48,69941,8.78
-14,-46,61284,14.33
-14,-44,36549,13.3
-14,-42,18226,10.37
-14,-40,11811,5.96
-14,-38,257,7.53
-14,12,13483,6.95
-14,14,289572,7.85
-14,16,344974,10.56
-14,18,178259,12.63
-14,20,220548,13.72
-14,22,263551,10.85
-14,24,283964,8.82
-14,26,344231,9.61
-14,28,284501,8.84
-14,30,270840,8.05
-14,32,77507,6.7
-14,34,165097,8.43
-14,36,239660,8.86
-14,38,198987,8.17
-14,40,80261,6.98
-14,126,4188,8.55
-14,128,7971,12.47
-14,130,152642,9.41
-14,132,205122,7.82
-14,134,173597,8.67
-14,136,44984,8.5
-14,140,37544,8.83
-14,142,93048,7.36
-12,-72,135,13.2
-12,-70,60550,13.78
-12,-68,27717,10.26
-12,-66,62739,12.48
-12,-64,34061,10.4
-12,-62,29838,9.47
-12,-60,39736,10.81
-12,-58,71941,11.83
-12,-56,89020,13.3
-12,-54,64284,13.95
-12,-52,130857,13.21
-12,-50,71160,9.68
-12,-48,101648,11.62
-12,-46,97512,14.92
-12,-44,50869,19.58
-12,-42,13859,9.0
-12,-40,8651,8.72
-12,-38,9505,7.84
-12,12,13608,12.26
-12,14,344837,12.05
-12,16,418110,10.21
-12,18,285602,11.45
-12,20,259007,15.56
-12,22,322089,11.45
-12,24,299115,8.78
-12,26,339275,9.84
-12,28,337861,10.55
-12,30,320152,11.12
-12,32,153074,9.2
-12,34,162161,7.95
-12,36,190865,8.16
-12,38,202126,8.71
-12,40,41478,9.68
-12,118,24,6.47
-12,120,4137,6.0
-12,122,4298,5.94
-12,124,1891,5.96
-12,130,57632,8.76
-12,132,41850,8.96
-12,134,4410,6.59
-12,136,1439,9.63
-12,140,492,6.78
-12,142,27056,9.6
-10,-74,12401,13.27
-10,-72,52149,15.08
-10,-70,55084,13.48
-10,-68,113568,14.27
-10,-66,131756,14.56
-10,-64,143357,12.78
-10,-62,91654,13.47
-10,-60,52278,12.29
-10,-58,58733,11.35
-10,-56,111979,13.93
-10,-54,24989,12.01
-10,-52,96167,11.5
-10,-50,72315,10.3
-10,-48,122196,10.61
-10,-46,99742,13.13
-10,-44,62676,18.07
-10,-42,18780,11.61
-10,-40,6905,9.05
-10,-38,15132,8.42
-10,-36,9665,6.31
-10,12,45264,8.47
-10,14,275411,12.61
-10,16,414657,14.73
-10,18,343693,17.41
-10,20,310299,18.51
-10,22,291765,15.09
-10,24,264465,16.94
-10,26,270217,9.2
-10,28,282423,9.75
-10,30,255842,10.64
-10,32,114992,8.02
-10,34,129792,10.91
-10,36,105538,7.91
-10,38,124529,9.25
-10,110,328,3.59
-10,112,6764,5.7
-10,114,2481,6.57
-10,116,13368,7.74
-10,118,24930,7.25
-10,120,13843,6.26
-10,122,16426,7.25
-10,124,23283,6.65
-10,126,541,5.87
-10,128,382,6.71
-10,130,1666,6.82
-10,136,3080,5.9
-10,138,5460,6.13
-10,140,10882,6.43
-10,142,68,5.74
-8,-74,22272,15.5
-8,-72,13722,14.85
-8,-70,4508,13.97
-8,-68,5560,14.91
-8,-66,9878,14.41
-8,-64,48133,14.25
-8,-62,73101,15.95
-8,-60,107198,16.23
-8,-58,42987,11.57
-8,-56,166478,12.7
-8,-54,145045,13.49
-8,-52,84528,9.46
-8,-50,35632,10.38
-8,-48,82021,9.46
-8,-46,176158,10.17
-8,-44,151803,8.95
-8,-42,45128,13.53
-8,-40,56715,13.52
-8,-38,21950,10.61
-8,-36,12684,7.53
-8,12,89414,10.41
-8,14,302650,10.75
-8,16,296404,12.54
-8,18,250074,22.32
-8,20,320467,13.13
-8,22,328444,8.58
-8,24,278475,13.9
-8,26,288612,11.51
-8,28,234992,9.91
-8,30,186966,7.96
-8,32,196405,8.19
-8,34,132446,8.8
-8,36,107177,8.23
-8,38,63095,7.46
-8,104,3634,3.63
-8,106,6266,3.27
-8,108,6106,2.94
-8,110,14335,4.12
-8,112,8398,3.8
-8,114,2824,4.47
-8,120,326,9.51
-8,124,425,5.07
-8,126,1455,4.87
-8,128,753,6.59
-8,130,3247,6.82
-8,134,700,7.35
-8,136,712,7.82
-8,138,13577,8.3
-8,140,2528,6.18
-6,-74,225,10.63
-6,-72,527,8.18
-6,-70,1849,7.59
-6,-68,1433,12.67
-6,-66,886,14.74
-6,-64,4215,15.08
-6,-62,14900,13.24
-6,-60,7864,13.02
-6,-58,26065,11.99
-6,-56,43748,12.39
-6,-54,30565,11.34
-6,-52,54323,9.64
-6,-50,65985,9.13
-6,-48,74597,9.04
-6,-46,84969,12.28
-6,-44,92676,12.18
-6,-42,42832,15.74
-6,-40,30274,13.2
-6,-38,11677,12.81
-6,-36,3643,9.71
-6,12,55164,8.29
-6,14,157084,10.65
-6,16,266746,10.59
-6,18,282842,10.87
-6,20,176708,9.43
-6,22,155570,7.55
-6,24,224325,11.82
-6,26,253602,11.75
-6,28,182491,9.28
-6,30,174785,8.6
-6,32,56650,7.75
-6,34,77408,16.68
-6,36,45498,10.07
-6,38,26545,6.73
-6,102,1467,6.58
-6,104,11087,5.78
-6,106,214,3.25
-6,112,4,3.44
-6,114,608,5.21
-6,116,14,6.27
-6,118,3163,4.52
-6,120,3524,6.46
-6,122,5007,7.48
-6,130,8,4.93
-6,132,301,4.18
-6,134,43,5.49
-6,136,146,5.77
-6,138,715,6.82
-6,140,600,9.03
-4,-74,18,7.29
-4,-72,83,8.01
-4,-70,2524,7.06
-4,-68,3490,8.27
-4,-66,13033,18.85
-4,-64,2595,12.69
-4,-62,18217,10.7
-4,-60,32639,13.08
-4,-58,29263,12.47
-4,-56,86578,11.17
-4,-54,65114,11.27
-4,-52,138396,10.34
-4,-50,98536,10.26
-4,-48,62493,9.28
-4,-46,53106,12.07
-4,-44,56160,13.28
-4,-42,31916,14.35
-4,-40,17446,9.08
-4,14,1240,8.48
-4,16,157763,9.07
-4,18,81405,9.34
-4,20,15913,7.44
-4,22,133323,10.52
-4,24,108155,10.51
-4,26,66938,8.36
-4,28,35284,7.67
-4,30,80496,7.59
-4,32,11057,7.28
-4,34,69120,7.37
-4,36,6285,10.77
-4,38,95,7.28
-4,98,9,4.91
-4,100,7177,8.7
-4,102,13920,6.62
-4,104,29977,6.3
-4,106,5510,8.33
-4,108,446,7.52
-4,110,9409,8.82
-4,112,15411,6.95
-4,114,32753,5.16
-4,116,1714,6.09
-4,118,3522,6.36
-4,120,12796,9.21
-4,122,10727,3.24
-4,124,11,4.36
-4,126,2177,6.43
-4,128,548,4.82
-4,130,236,4.83
-4,132,1292,5.28
-4,134,264,4.28
-4,136,656,6.45
-4,138,2085,7.85
-4,140,1348,5.19
-2,-76,903,13.62
-2,-74,359,11.45
-2,-72,383,8.55
-2,-70,108,7.89
-2,-68,918,8.31
-2,-66,437,8.87
-2,-64,860,9.18
-2,-62,3315,13.64
-2,-60,860,13.43
-2,-58,5370,13.27
-2,-56,41013,13.21
-2,-54,34621,11.16
-2,-52,22585,10.02
-2,-50,29619,9.78
-2,-48,34482,11.53
-2,-46,11672,13.73
-2,16,11772,6.14
-2,18,21146,6.47
-2,20,9484,5.9
-2,22,26329,7.18
-2,24,22689,7.55
-2,26,15789,6.44
-2,28,31723,8.12
-2,30,20801,6.69
-2,32,308,8.97
-2,34,13930,6.62
-2,98,193,4.24
-2,100,4051,6.72
-2,102,7983,4.31
-2,104,2296,8.9
-2,106,159,5.57
-2,108,4870,7.02
-2,110,21842,10.81
-2,112,9450,9.61
-2,114,9965,9.33
-2,116,7553,5.78
-2,118,1201,7.68
-2,120,6052,7.68
-2,122,3391,5.04
-2,124,110,5.82
-2,126,3831,5.36
-2,128,49,4.96
-2,130,96,3.39
-2,132,853,6.35
-2,134,359,3.72
-2,136,1424,4.27
-2,138,11,3.4
0,-80,70,5.5
0,-78,5231,7.72
0,-76,36822,17.61
0,-74,11936,17.94
0,-72,3072,10.33
0,-70,1510,8.12
0,-68,701,8.51
0,-66,80,5.96
0,-64,905,5.38
0,-62,23827,11.15
0,-60,6385,15.45
0,-58,1844,8.3
0,-56,8595,8.67
0,-54,900,11.15
0,-52,21571,8.98
0,-50,1485,8.4
0,16,1054,7.48
0,18,17683,6.99
0,20,22378,7.87
0,22,47543,9.68
0,24,73031,9.56
0,26,9929,8.2
0,28,13345,7.14
0,30,17169,6.4
0,96,239,5.69
0,98,3968,6.82
0,100,7738,5.39
0,102,4370,5.76
0,104,770,5.82
0,108,13186,10.2
0,110,20970,12.09
0,112,4055,9.98
0,114,2501,11.33
0,116,15166,5.93
0,118,917,6.77
0,120,1584,5.58
0,122,2836,5.6
0,124,859,3.45
0,126,5997,3.75
0,128,1095,3.62
2,-80,4,4.57
2,-78,3615,6.57
2,-76,16323,11.19
2,-74,45946,11.08
2,-72,28272,11.6
2,-70,1627,11.09
2,-68,842,10.36
2,-66,222,9.2
2,-64,1009,8.36
2,-62,57003,7.08
2,-60,5205,5.97
2,-58,52,9.74
2,-56,2189,7.28
2,-54,87,7.19
2,-52,9451,8.41
2,14,6189,7.16
2,16,13570,7.06
2,18,106664,7.27
2,20,125160,8.24
2,22,118583,10.52
2,24,41210,8.96
2,26,101934,8.43
2,28,127657,10.35
2,30,42599,7.95
2,94,10,3.98
2,96,2232,6.69
2,98,4430,5.77
2,100,1259,5.4
2,106,22,8.57
2,108,1733,8.32
2,114,402,14.49
2,116,7444,8.52
2,118,211,8.77
2,124,1972,3.46
2,126,10,3.37
2,128,100,5.02
4,-78,604,9.26
4,-76,7243,6.77
4,-74,12925,6.8
4,-72,53697,7.86
4,-70,47573,7.94
4,-68,5470,8.27
4,-66,89,11.04
4,-62,15957,6.21
4,-60,2849,5.39
4,-52,73,8.79
4,4,29202,3.91
4,6,103107,4.7
4,8,27265,6.66
4,14,194552,6.98
4,16,229418,6.57
4,18,248621,8.05
4,20,219948,7.43
4,22,129915,8.3
4,24,128482,8.74
4,26,137143,9.93
4,28,41151,12.48
4,30,1798,12.26
4,94,1494,6.31
4,96,2912,5.15
4,98,84,3.45
4,106,3,8.43
4,108,56,8.04
4,114,5,4.8
4,116,316,6.02
4,126,11,4.27
6,-78,3318,9.63
6,-76,20747,12.19
6,-74,10713,5.89
6,-72,15806,8.43
6,-70,10039,9.2
6,-68,2347,10.46
6,2,62162,6.93
6,4,131345,6.82
6,6,233323,5.84
6,8,166068,6.2
6,10,161439,5.95
6,12,1725,4.26
6,14,88257,6.6
6,16,259781,7.29
6,18,339099,8.67
6,20,291801,8.4
6,22,243688,7.85
6,24,281901,6.95
6,26,26497,7.17
6,92,1,2.77
8,-78,3152,8.91
8,-76,30562,8.94
8,-74,28756,8.12
8,2,58772,5.51
8,4,167915,5.47
8,6,144680,5.21
8,8,108334,5.25
8,10,118968,6.29
8,12,16367,4.39
8,18,101146,11.61
8,20,258137,10.08
8,22,296315,7.24
8,24,66220,6.56
8,26,27528,8.66
8,28,33370,9.16
8,30,10858,13.48
8,32,3125,7.77
8,34,4292,7.16
8,76,9784,5.31
8,78,4666,4.9
8,92,168,10.58
10,-76,16022,8.5
10,-74,31988,6.7
10,-72,10,4.07
10,2,23949,5.83
10,4,159652,6.03
10,6,238788,5.75
10,8,33347,4.38
10,10,16489,5.08
10,12,87942,8.27
10,14,23328,11.0
10,20,17865,10.25
10,22,95332,8.08
10,24,41241,7.46
10,26,31858,6.82
10,28,94724,7.4
10,30,130819,7.98
10,32,30542,8.74
10,34,41326,7.82
10,74,183,4.98
10,76,12212,5.0
10,78,11104,5.12
10,92,18,2.76
12,-82,2,6.71
12,-74,4,7.82
12,-72,18,3.08
12,2,1013,6.46
12,4,40680,6.92
12,6,41156,6.46
12,8,1001,4.76
12,10,3704,7.6
12,12,58072,9.7
12,14,14469,11.22
12,20,100,7.41
12,22,11049,6.48
12,24,16754,6.59
12,26,26058,7.22
12,28,18194,7.02
12,30,16630,6.9
12,32,8470,8.46
12,34,61698,10.39
12,36,9035,10.14
12,74,6996,5.24
12,76,28852,5.2
12,78,30789,5.42
12,80,2394,3.25
12,92,86,16.73
14,22,2094,5.58
14,24,1391,8.77
14,26,4420,8.53
14,28,1568,7.98
14,30,2394,7.16
14,32,7884,7.68
14,34,4593,8.06
14,36,4269,10.41
14,72,2292,2.95
14,74,23100,4.84
14,76,41270,4.11
14,78,55419,5.6
14,80,1680,3.93
16,26,3,1.35
16,30,34,6.66
16,32,1689,2.77
16,34,890,6.23
16,36,1296,11.35
16,38,10,3.99
16,72,21764,5.26
16,74,21180,4.42
16,76,31118,5.25
16,78,32839,5.27
16,80,57032,4.83
16,82,14435,3.99
18,24,1,0.11
18,26,1,0.1
18,28,2,2.37
18,30,620,12.54
18,32,126,10.41
18,34,53,12.74
18,36,871,11.94
18,38,54,13.38
18,72,47708,5.04
18,74,18194,4.64
18,76,22438,5.26
18,78,71862,4.59
18,80,105000,4.76
18,82,67753,6.67
18,84,18109,5.42
18,86,97,4.11
20,28,1,0.09
20,30,67,7.16
20,32,6,1.42
20,34,21,2.65
20,68,1028,6.85
20,70,9871,5.03
20,72,31430,4.73
20,74,13368,5.29
20,76,20056,5.81
20,78,33606,5.34
20,80,77270,3.97
20,82,106123,4.3
20,84,115325,3.05
20,86,26383,3.36
20,88,6,2.2
20,92,99,12.97
22,68,8976,3.5
22,70,12026,3.84
22,72,15382,5.07
22,74,28655,5.94
22,76,93117,5.74
22,78,88901,5.71
22,80,42070,5.2
22,82,75771,3.23
22,84,70000,2.54
22,86,148162,2.65
22,88,7257,2.76
22,90,10939,14.61
22,92,57761,31.97
22,94,353,30.04
24,68,145,8.78
24,70,1181,4.12
24,72,9798,4.24
24,74,15298,5.25
24,76,49136,6.58
24,78,40834,6.58
24,80,32811,6.39
24,82,50593,4.94
24,84,28746,5.04
24,86,18114,3.93
24,88,3967,5.47
24,90,30350,11.69
24,92,89142,18.98
24,94,24741,18.32
26,68,86,1.24
26,70,4261,5.05
26,72,5401,4.74
26,74,1821,3.12
26,76,4438,4.56
26,78,15936,4.97
26,80,14191,4.46
26,82,47393,5.57
26,84,8980,4.09
26,86,340,3.59
26,88,2379,4.27
26,90,7133,6.45
26,92,24280,12.34
26,94,25283,13.76
26,96,5814,11.33
28,72,4777,4.79
28,74,43117,6.63
28,76,48603,5.13
28,78,50031,3.92
28,80,19109,4.9
28,92,57,6.13
28,94,3871,11.43
28,96,1514,9.16
30,72,1896,7.63
30,74,269755,7.13
30,76,72469,5.46
30,78,23712,4.52
30,80,916,6.14
32,72,155,3.05
32,74,21720,5.31
32,76,4864,5.59
32,78,6,6.84
34,72,200,4.69
34,74,1341,5.73
34,76,22,19.33
34,78,4,4.34
40,-84,6,1.8
42,-84,2938,2.34
42,-82,10570,2.39
42,-80,9917,2.12
42,-78,11,2.82
42,-68,5,1.89
42,-66,1830,11.78
44,-84,18,1.86
44,-82,182,3.42
44,-80,210,3.19
44,-78,1098,3.22
44,-76,1167,3.03
44,-74,3517,1.74
44,-72,157,1.23
44,-68,1443,4.26
44,-66,144,5.52
44,-64,127,3.88
44,-62,26,2.95
46,-86,1979,2.39
46,-84,855,3.96
46,-82,1783,5.5
46,-80,159,6.09
46,-78,95,17.33
46,-76,839,8.9
46,-74,2332,3.28
46,-72,170,2.36
46,-70,125,11.44
46,-68,110,6.07
46,-66,135,8.23
46,-64,100,5.04
46,-62,24,3.16
46,-60,17,3.37
46,-58,2,1.99
46,-56,13,1.95
46,-54,34,5.11
48,-128,352,11.81
48,-126,3568,8.22
48,-124,2337,4.28
48,-122,17210,14.88
48,-120,24817,11.07
48,-118,10428,7.87
48,-116,5291,10.94
48,-114,323,10.13
48,-112,92,4.98
48,-110,71,3.97
48,-108,112,8.68
48,-106,200,9.3
48,-104,2104,7.4
48,-102,2609,8.99
48,-100,2570,9.71
48,-98,3028,10.96
48,-96,380,9.02
48,-94,531,10.61
48,-92,4884,9.21
48,-90,161,9.5
48,-88,188,11.8
48,-86,228,9.33
48,-84,112,10.82
48,-82,103,11.11
48,-80,2439,4.61
48,-78,32106,5.51
48,-76,13700,8.46
48,-74,1900,8.08
48,-72,2871,16.76
48,-70,2896,7.77
48,-68,24,3.92
48,-66,666,1.09
48,-64,5,2.09
48,-60,18,3.5
48,-58,16,6.52
48,-56,92,4.05
48,-54,3,2.25
50,-130,8,4.96
50,-128,691,6.77
50,-126,2475,14.18
50,-124,11692,15.51
50,-122,61997,11.51
50,-120,36141,9.51
50,-118,10675,11.71
50,-116,6662,11.46
50,-114,364,14.07
50,-112,944,5.67
50,-110,224,7.47
50,-108,759,8.55
50,-106,4931,4.6
50,-104,4850,9.27
50,-102,6048,11.53
50,-100,6124,10.65
50,-98,12930,7.79
50,-96,58816,7.33
50,-94,4567,14.25
50,-92,5383,11.14
50,-90,6632,15.61
50,-88,3631,12.82
50,-86,883,9.81
50,-84,117,30.08
50,-82,598,5.79
50,-80,17390,12.15
50,-78,12576,14.74
50,-76,14022,13.37
50,-74,7709,11.09
50,-72,419,8.78
50,-70,257,12.05
50,-68,2861,11.24
50,-66,1284,28.6
50,-64,134,18.68
50,-62,174,7.1
50,-60,47,11.7
50,-58,5,0.88
52,-134,71,7.27
52,-132,53,11.18
52,-130,81,3.76
52,-128,19870,17.74
52,-126,48870,19.53
52,-124,10515,14.61
52,-122,6268,12.84
52,-120,3963,13.55
52,-118,14871,21.86
52,-116,16066,12.1
52,-114,4459,3.14
52,-112,1487,9.03
52,-110,3284,11.12
52,-108,2122,8.78
52,-106,7806,12.9
52,-104,23888,11.28
52,-102,1859,11.98
52,-100,7897,18.52
52,-98,20508,6.71
52,-96,25863,15.85
52,-94,4442,14.17
52,-92,4922,11.86
52,-90,8072,10.79
52,-88,264,12.66
52,-86,827,10.83
52,-84,1635,11.54
52,-82,89,13.32
52,-80,10970,8.87
52,-78,33457,14.93
52,-76,47833,8.37
52,-74,10461,13.05
52,-72,1517,8.86
52,-70,382,18.7
52,-68,1514,14.46
52,-66,680,35.9
52,-62,22,10.69
52,-60,220,21.86
52,-58,8,2.99
54,-132,32,2.1
54,-130,642,8.2
54,-128,9089,12.97
54,-126,40753,15.12
54,-124,23108,14.95
54,-122,9076,14.66
54,-120,9711,9.82
54,-118,29999,11.18
54,-116,12818,15.83
54,-114,1646,11.58
54,-112,4265,7.05
54,-110,29253,12.27
54,-108,42935,14.57
54,-106,45063,11.91
54,-104,44624,12.34
54,-102,34196,13.98
54,-100,2789,7.56
54,-98,2103,5.08
54,-96,3454,10.02
54,-94,397,6.45
54,-92,1276,14.76
54,-90,411,7.66
54,-88,165,12.6
54,-86,573,6.95
54,-84,129,5.63
54,-80,82,2.2
54,-78,6904,9.89
54,-76,11502,14.87
54,-74,5212,18.06
54,-72,1409,10.66
54,-70,821,7.89
54,-68,128,5.29
54,-66,1,14.77
54,-64,182,14.0
54,-62,5,4.42
54,-60,12,3.68
54,-58,1,0.12
56,-134,9,6.66
56,-132,16,2.3
56,-130,711,11.03
56,-128,1122,19.18
56,-126,15828,13.71
56,-124,22166,16.81
56,-122,43210,12.75
56,-120,14023,14.68
56,-118,12772,11.88
56,-116,14322,14.77
56,-114,16060,13.61
56,-112,16572,13.34
56,-110,16375,14.38
56,-108,53838,18.55
56,-106,26538,25.81
56,-104,27933,15.15
56,-102,7834,12.59
56,-100,7539,11.68
56,-98,9575,16.34
56,-96,3532,12.24
56,-94,1713,10.38
56,-92,602,9.86
56,-90,74,7.94
56,-88,8,9.86
56,-80,2,3.1
56,-76,1,0.06
56,-74,1,0.23
56,-72,592,12.7
56,-70,4512,11.6
56,-68,2296,11.72
56,-66,10,4.66
56,-64,344,3.39
56,-62,92,18.41
58,-136,507,9.8
58,-134,263,8.23
58,-132,127,5.74
58,-130,11405,9.17
58,-128,4805,17.37
58,-126,1120,10.53
58,-124,34706,10.01
58,-122,207634,7.85
58,-120,125321,11.89
58,-118,16073,11.02
58,-116,91326,13.58
58,-114,89091,12.05
58,-112,50473,12.64
58,-110,5612,14.46
58,-108,6875,16.63
58,-106,15602,24.22
58,-104,4175,15.82
58,-102,655,20.74
58,-100,2433,10.54
58,-98,610,8.89
58,-96,268,8.75
58,-80,12,2.39
58,-78,1,0.08
58,-70,15,4.16
58,-68,70,4.3
58,-66,153,21.48
58,-64,1,0.07
60,-142,1,0.28
60,-140,9,5.4
60,-138,197,21.72
60,-136,5672,8.26
60,-134,738,15.16
60,-132,1024,12.48
60,-130,2284,8.04
60,-128,9385,12.64
60,-126,10596,16.28
60,-124,8927,14.1
60,-122,58142,13.37
60,-120,87215,11.11
60,-118,59223,12.82
60,-116,10611,12.33
60,-114,37527,7.87
60,-112,107009,16.13
60,-110,14587,15.76
60,-108,5186,16.18
60,-106,1241,11.95
60,-104,377,9.04
60,-102,39,10.51
60,-98,5,6.53
60,-78,2,1.91
60,-74,9,1.02
60,-70,4,3.15
62,-142,2971,9.88
62,-140,3830,9.51
62,-138,9840,12.4
62,-136,7672,10.83
62,-134,4827,13.69
62,-132,1008,13.35
62,-130,123,8.85
62,-128,192,8.11
62,-126,2250,17.43
62,-124,46138,10.9
62,-122,21157,16.45
62,-120,8411,14.94
62,-118,4780,12.65
62,-116,42419,10.45
62,-114,26770,8.35
62,-112,4225,14.54
62,-110,3310,8.87
62,-108,411,9.75
62,-106,135,8.31
62,-104,766,9.91
62,-102,1,0.04
62,-100,14,3.68
62,-98,17,5.14
62,-96,1,0.18
62,-94,22,8.04
62,-82,1,0.08
62,-76,2,0.56
62,-70,1,0.02
62,-66,1,0.17
64,-142,466,9.49
64,-140,1252,13.09
64,-138,3724,12.02
64,-136,10613,10.39
64,-134,2965,12.58
64,-132,1193,9.4
64,-130,4817,7.45
64,-128,12762,11.16
64,-126,51731,13.72
64,-124,30226,9.4
64,-122,46743,18.84
64,-120,35232,19.51
64,-118,27804,12.46
64,-116,33570,11.17
64,-114,10079,8.53
64,-112,77,5.78
64,-110,259,3.96
64,-108,42,3.72
64,-104,2,1.55
64,-102,71,5.92
64,-100,8,7.1
64,-98,1,3.03
64,-96,13,3.99
64,-92,1,3.51
64,-90,2,1.12
64,-68,1,4.42
66,-142,1036,19.19
66,-140,10112,12.51
66,-138,4900,14.52
66,-136,4165,9.78
66,-134,7532,11.69
66,-132,12486,26.26
66,-130,21203,15.61
66,-128,1968,10.24
66,-126,565,11.98
66,-124,4,1.44
66,-122,2116,10.35
66,-120,1410,6.59
66,-118,797,13.78
66,-116,117,3.44
66,-114,25,6.23
66,-112,15,3.6
66,-108,3,0.47
66,-102,1,0.04
66,-100,1,0.02
66,-98,1,0.64
66,-86,2,1.3
66,-84,1,0.07
66,-72,1,0.03
66,-66,1,0.1
68,-140,2311,9.87
68,-138,4,2.45
68,-134,8539,8.58
68,-132,660,13.44
68,-130,93,5.89
68,-128,6,4.61
68,-126,3,1.14
68,-106,8,4.98
68,-96,1,3.73
68,-94,1,0.04
70,-80,1,0.03
70,-76,2,0.21
70,-70,1,0.56
72,-122,1,0.03
72,-116,1,0.03
72,-100,1,0.05
72,-84,1,0.17
78,-90,1,0.04
78,-86,1,0.03
80,-78,1,0.08
82,-80,1,0.09
82,-64,1,0.06
